timestamp,frame_id,detected_hand,detection_confidence,wrist_x,wrist_y,wrist_z,pinch_ratio,target_pos_x,target_pos_y,target_pos_z,filtered_target_pos_x,filtered_target_pos_y,filtered_target_pos_z,target_quat_w,target_quat_x,target_quat_y,target_quat_z,gripper_width,workspace_clipped,actual_ee_pos_x,actual_ee_pos_y,actual_ee_pos_z,ee_position_error,ee_orientation_error,joint_q_1,joint_q_2,joint_q_3,joint_q_4,joint_q_5,joint_q_6,joint_q_7,joint_dq_1,joint_dq_2,joint_dq_3,joint_dq_4,joint_dq_5,joint_dq_6,joint_dq_7,torque_norm,max_abs_torque
0.457,0,1,0.9284,0.557626,0.990512,0.000001,0.8522,0.3350,0.0000,0.6396,0.3350,0.0000,0.6396,-0.047506,-0.628289,0.753918,0.186018,0.0236,,0.3351,-0.0028,0.6384,0.0030,1.780885,-0.0036,-0.6990,-0.0034,-2.2013,-0.0007,1.5976,0.8071,-0.0306,0.0090,-0.0299,-0.0114,-0.0057,-0.0199,0.0597,27.89,17.74
0.976,1,1,0.9459,0.575212,1.017131,0.000000,0.8419,0.3350,0.0317,0.6012,0.3350,0.0317,0.6012,0.555283,-0.518346,0.641642,0.106179,0.0231,,0.3363,-0.0017,0.6315,0.0451,2.030852,-0.0031,-0.6935,-0.0029,-2.2113,0.0061,1.5929,0.8143,0.0045,0.0489,0.0062,-0.0860,0.0565,-0.0402,0.0597,25.29,15.57
1.007,2,1,0.9550,0.568783,1.021569,0.000000,0.8513,0.3350,0.0258,0.5879,0.3350,0.0258,0.5879,0.142006,-0.628489,0.753915,0.128251,0.0236,,0.3375,-0.0015,0.6237,0.0452,1.749162,-0.0040,-0.6874,-0.0025,-2.2223,0.0093,1.5877,0.8215,-0.0077,0.0508,0.0029,-0.0922,0.0263,-0.0431,0.0597,24.57,16.20
1.032,3,1,0.9254,0.571985,1.028476,0.000000,0.8446,0.3350,0.0306,0.5755,0.3350,0.0306,0.5755,0.074645,-0.636370,0.758291,0.120238,0.0233,,0.3387,-0.0007,0.6153,0.0508,1.717986,-0.0045,-0.6809,-0.0011,-2.2344,0.0121,1.5823,0.8286,-0.0033,0.0546,0.0122,-0.1008,0.0237,-0.0450,0.0597,26.94,17.63
1.064,4,1,0.9355,0.570668,1.027207,0.000000,0.8277,0.3350,0.0290,0.5751,0.3350,0.0290,0.5751,0.057464,-0.640553,0.757347,0.113202,0.0225,,0.3395,-0.0002,0.6085,0.0446,1.696847,-0.0051,-0.6757,0.0000,-2.2443,0.0146,1.5778,0.8358,-0.0054,0.0430,0.0089,-0.0819,0.0212,-0.0374,0.0597,20.05,12.21
1.091,5,1,0.9093,0.575358,1.025729,0.000000,0.8499,0.3350,0.0372,0.5772,0.3350,0.0372,0.5772,0.045031,-0.643828,0.754792,0.117248,0.0235,,0.3400,0.0012,0.6030,0.0446,1.680824,-0.0050,-0.6717,0.0024,-2.2521,0.0176,1.5739,0.8430,0.0015,0.0331,0.0202,-0.0648,0.0250,-0.0319,0.0597,17.13,12.00
1.117,6,1,0.9119,0.576975,1.023102,0.000000,0.8600,0.3350,0.0416,0.5813,0.3350,0.0416,0.5813,0.022365,-0.643727,0.755377,0.120505,0.0240,,0.3402,0.0029,0.5991,0.0429,1.675109,-0.0045,-0.6689,0.0052,-2.2577,0.0206,1.5708,0.8501,0.0035,0.0224,0.0241,-0.0461,0.0249,-0.0259,0.0597,17.01,12.00
1.149,7,1,0.8935,0.578200,1.014751,0.000000,0.8977,0.3350,0.0446,0.5941,0.3350,0.0446,0.5941,0.008563,-0.647652,0.752397,0.119881,0.0258,,0.3401,0.0047,0.5980,0.0404,1.660288,-0.0040,-0.6684,0.0083,-2.2594,0.0236,1.5690,0.8573,0.0047,0.0032,0.0260,-0.0122,0.0248,-0.0149,0.0597,24.61,17.81
1.177,8,1,0.9028,0.580888,1.010088,0.000000,0.9557,0.3350,0.0500,0.6032,0.3350,0.0500,0.6032,0.007446,-0.646813,0.752884,0.121418,0.0285,,0.3398,0.0070,0.5984,0.0436,1.659085,-0.0031,-0.6691,0.0120,-2.2587,0.0268,1.5678,0.8645,0.0077,-0.0066,0.0306,0.0059,0.0269,-0.0095,0.0597,31.36,24.14
1.204,9,1,0.8727,0.581855,1.000451,0.000000,0.9674,0.3350,0.0527,0.6187,0.3350,0.0527,0.6187,-0.539367,-0.548757,0.631622,0.094877,0.0291,,0.3392,0.0098,0.6012,0.0465,1.930780,-0.0017,-0.6718,0.0182,-2.2545,0.0240,1.5678,0.8714,0.0117,-0.0236,0.0527,0.0364,-0.0238,-0.0001,0.0575,45.06,34.84
1.230,10,1,0.8886,0.581923,0.993444,0.000000,0.9772,0.3350,0.0533,0.6316,0.3350,0.0533,0.6316,-0.113166,-0.644263,0.746530,0.121706,0.0295,,0.3383,0.0119,0.6056,0.0490,1.667488,-0.0010,-0.6757,0.0219,-2.2480,0.0258,1.5685,0.8785,0.0057,-0.0327,0.0304,0.0547,0.0156,0.0057,0.0597,49.51,41.21
1.261,11,1,0.8800,0.584834,0.986862,0.000000,0.9596,0.3350,0.0587,0.6434,0.3350,0.0587,0.6434,-0.045609,-0.655790,0.743719,0.121414,0.0287,,0.3373,0.0144,0.6111,0.0549,1.635069,0.0001,-0.6804,0.0260,-2.2398,0.0286,1.5698,0.8857,0.0092,-0.0397,0.0339,0.0691,0.0232,0.0110,0.0597,55.53,46.21
1.292,12,1,0.8627,0.583649,0.982141,0.000000,0.9812,0.3350,0.0575,0.6524,0.3350,0.0575,0.6524,-0.008635,-0.665994,0.737574,0.111183,0.0297,,0.3362,0.0165,0.6172,0.0540,1.605898,0.0009,-0.6854,0.0293,-2.2308,0.0315,1.5715,0.8928,0.0061,-0.0421,0.0277,0.0754,0.0237,0.0148,0.0597,57.34,48.39
1.335,13,1,0.8756,0.578234,0.975881,0.000000,0.9783,0.3350,0.0475,0.6630,0.3350,0.0475,0.6630,0.536459,-0.565482,0.619687,0.091819,0.0296,,0.3349,0.0173,0.6242,0.0492,1.863135,0.0009,-0.6910,0.0290,-2.2204,0.0382,1.5743,0.8995,0.0002,-0.0474,-0.0032,0.0871,0.0564,0.0234,0.0555,62.04,52.40
1.363,14,1,0.8953,0.576049,0.969617,0.000000,0.9696,0.3350,0.0418,0.6740,0.3350,0.0418,0.6740,-0.456685,-0.593265,0.654657,0.104401,0.0292,,0.3335,0.0178,0.6314,0.0489,1.815052,0.0002,-0.6966,0.0315,-2.2097,0.0349,1.5767,0.9063,-0.0061,-0.0472,0.0209,0.0894,-0.0285,0.0194,0.0562,61.86,53.16
1.395,15,1,0.8886,0.574823,0.965930,0.000000,0.9759,0.3350,0.0385,0.6813,0.3350,0.0385,0.6813,0.466501,-0.597340,0.646661,0.085969,0.0295,,0.3321,0.0176,0.6389,0.0473,1.772309,-0.0007,-0.7023,0.0299,-2.1985,0.0413,1.5801,0.9131,-0.0079,-0.0481,-0.0144,0.0938,0.0538,0.0284,0.0573,64.29,54.61
1.426,16,1,0.8990,0.571907,0.958943,0.000000,1.0017,0.3350,0.0327,0.6927,0.3350,0.0327,0.6927,0.110747,-0.670922,0.726419,0.099572,0.0307,,0.3304,0.0168,0.6468,0.0488,1.572449,-0.0025,-0.7082,0.0285,-2.1866,0.0433,1.5836,0.9203,-0.0145,-0.0490,-0.0116,0.0986,0.0169,0.0287,0.0597,65.08,56.21
1.459,17,1,0.9140,0.567760,0.955571,0.000000,1.0448,0.3350,0.0242,0.6996,0.3350,0.0242,0.6996,0.068936,-0.671749,0.731849,0.091641,0.0327,,0.3288,0.0151,0.6544,0.0465,1.562629,-0.0049,-0.7136,0.0260,-2.1752,0.0444,1.5871,0.9275,-0.0205,-0.0454,-0.0207,0.0955,0.0088,0.0295,0.0597,63.89,55.03
1.490,18,1,0.9185,0.561618,0.946861,0.000000,1.0400,0.3350,0.0116,0.7134,0.3350,0.0116,0.7134,0.048137,-0.670400,0.734453,0.093950,0.0325,,0.3269,0.0122,0.6630,0.0511,1.558749,-0.0083,-0.7196,0.0219,-2.1623,0.0445,1.5914,0.9346,-0.0288,-0.0505,-0.0351,0.1082,0.0008,0.0355,0.0597,69.95,59.35
1.523,19,1,0.9233,0.561668,0.945641,0.000000,1.0345,0.3350,0.0094,0.7177,0.3350,0.0094,0.7177,0.048781,-0.667486,0.736990,0.094494,0.0322,,0.3252,0.0094,0.6706,0.0481,1.557862,-0.0116,-0.7246,0.0180,-2.1506,0.0446,1.5953,0.9418,-0.0274,-0.0416,-0.0323,0.0965,0.0012,0.0328,0.0597,64.32,55.15
1.555,20,1,0.9334,0.553892,0.937183,0.000000,1.0737,0.3350,-0.0051,0.7306,0.3350,-0.0051,0.7306,0.052028,-0.665305,0.738189,0.098692,0.0341,,0.3232,0.0053,0.6789,0.0540,1.554204,-0.0160,-0.7300,0.0122,-2.1377,0.0440,1.6000,0.9490,-0.0365,-0.0458,-0.0496,0.1082,-0.0053,0.0389,0.0597,70.69,59.12
1.587,21,1,0.9111,0.554900,0.933649,0.000000,1.0803,0.3350,-0.0058,0.7381,0.3350,-0.0058,0.7381,0.064264,-0.665384,0.737547,0.095705,0.0344,,0.3211,0.0016,0.6869,0.0535,1.543031,-0.0199,-0.7349,0.0070,-2.1252,0.0438,1.6047,0.9560,-0.0324,-0.0407,-0.0427,0.1038,-0.0021,0.0392,0.0591,67.34,57.46
1.620,22,1,0.9361,0.543738,0.928555,0.000000,1.0952,0.3350,-0.0261,0.7468,0.3350,-0.0261,0.7468,0.040440,-0.661964,0.740023,0.111953,0.0351,,0.3190,-0.0040,0.6948,0.0587,1.546714,-0.0253,-0.7394,-0.0009,-2.1128,0.0421,1.6095,0.9631,-0.0455,-0.0375,-0.0670,0.1034,-0.0140,0.0402,0.0588,70.57,57.19
1.670,23,1,0.9422,0.540521,0.924469,0.000000,1.1005,0.3350,-0.0356,0.7542,0.3350,-0.0356,0.7542,0.041929,-0.663999,0.738592,0.108762,0.0353,,0.3169,-0.0100,0.7023,0.0606,1.527720,-0.0308,-0.7434,-0.0092,-2.1007,0.0403,1.6146,0.9700,-0.0464,-0.0336,-0.0696,0.1015,-0.0153,0.0417,0.0576,69.72,56.38
1.702,24,1,0.9380,0.540214,0.925183,0.000000,1.0868,0.3350,-0.0378,0.7545,0.3350,-0.0378,0.7545,0.031755,-0.659444,0.743361,0.107426,0.0347,,0.3151,-0.0154,0.7085,0.0549,1.527306,-0.0360,-0.7461,-0.0167,-2.0904,0.0385,1.6190,0.9769,-0.0428,-0.0219,-0.0625,0.0847,-0.0144,0.0366,0.0573,61.87,50.36
1.728,25,1,0.9101,0.527656,0.916807,0.000000,1.0954,0.3350,-0.0609,0.7667,0.3350,-0.0609,0.7667,0.053783,-0.658075,0.742092,0.115514,0.0351,,0.3129,-0.0229,0.7155,0.0674,1.517682,-0.0426,-0.7492,-0.0273,-2.0788,0.0359,1.6242,0.9837,-0.0556,-0.0262,-0.0895,0.0980,-0.0221,0.0441,0.0569,71.80,54.92
1.764,26,1,0.9043,0.524169,0.914235,0.000000,1.0936,0.3350,-0.0713,0.7726,0.3350,-0.0713,0.7726,0.037412,-0.664288,0.739269,0.103938,0.0350,,0.3108,-0.0306,0.7220,0.0693,1.482723,-0.0492,-0.7516,-0.0379,-2.0676,0.0330,1.6296,0.9903,-0.0552,-0.0201,-0.0892,0.0930,-0.0243,0.0447,0.0550,69.55,53.03
1.795,27,1,0.9150,0.518848,0.910661,0.000000,1.0999,0.3350,-0.0828,0.7783,0.3350,-0.0828,0.7783,0.038731,-0.667560,0.735673,0.107928,0.0353,,0.3086,-0.0386,0.7281,0.0720,1.461108,-0.0560,-0.7534,-0.0491,-2.0567,0.0299,1.6351,0.9968,-0.0564,-0.0154,-0.0931,0.0902,-0.0259,0.0454,0.0538,69.10,51.95
1.830,28,1,0.9148,0.512780,0.905234,0.000000,1.0975,0.3350,-0.0958,0.7794,0.3350,-0.0958,0.7794,0.041737,-0.666131,0.736599,0.109320,0.0352,,0.3067,-0.0470,0.7331,0.0729,1.448456,-0.0630,-0.7542,-0.0609,-2.0473,0.0265,1.6402,1.0031,-0.0585,-0.0056,-0.0990,0.0780,-0.0281,0.0423,0.0530,66.50,47.57
1.861,29,1,0.9082,0.509283,0.899886,0.000000,1.1134,0.3350,-0.1045,0.7796,0.3350,-0.1045,0.7796,0.030776,-0.670111,0.733565,0.109024,0.0359,,0.3051,-0.0553,0.7372,0.0714,1.422746,-0.0698,-0.7539,-0.0724,-2.0392,0.0231,1.6449,1.0093,-0.0566,0.0023,-0.0964,0.0678,-0.0286,0.0394,0.0514,62.61,43.90
1.890,30,1,0.9016,0.503910,0.896801,0.000000,1.1070,0.3350,-0.1157,0.7796,0.3350,-0.1157,0.7796,0.038839,-0.670966,0.734016,0.097555,0.0356,,0.3037,-0.0639,0.7405,0.0721,1.394785,-0.0767,-0.7530,-0.0843,-2.0319,0.0196,1.6495,1.0154,-0.0572,0.0086,-0.0995,0.0600,-0.0293,0.0382,0.0506,61.18,41.10
1.924,31,1,0.8929,0.496418,0.890158,0.000000,1.1049,0.3350,-0.1312,0.7796,0.3350,-0.1312,0.7796,0.041623,-0.669124,0.735485,0.097990,0.0355,,0.3024,-0.0731,0.7430,0.0760,1.379814,-0.0839,-0.7512,-0.0972,-2.0255,0.0157,1.6539,1.0214,-0.0606,0.0148,-0.1084,0.0532,-0.0323,0.0369,0.0499,62.00,38.66
1.955,32,1,0.8801,0.490206,0.881702,0.000000,1.1064,0.3350,-0.1453,0.7796,0.3350,-0.1453,0.7796,0.033987,-0.669732,0.735430,0.097197,0.0356,,0.3012,-0.0827,0.7450,0.0790,1.358373,-0.0913,-0.7489,-0.1107,-2.0197,0.0116,1.6583,1.0272,-0.0619,0.0199,-0.1126,0.0480,-0.0346,0.0362,0.0486,62.02,37.97
1.987,33,1,0.9080,0.480979,0.876551,0.000000,1.1248,0.3350,-0.1644,0.7796,0.3350,-0.1644,0.7796,0.028385,-0.671526,0.732616,0.107335,0.0365,,0.2999,-0.0932,0.7464,0.0860,1.339880,-0.0993,-0.7459,-0.1255,-2.0144,0.0069,1.6626,1.0329,-0.0667,0.0254,-0.1244,0.0437,-0.0393,0.0356,0.0473,64.88,41.84
2.037,34,1,0.8926,0.475679,0.865889,0.000000,1.1143,0.3350,-0.1774,0.7796,0.3350,-0.1774,0.7796,-0.534934,-0.569141,0.618668,0.084702,0.0360,,0.2982,-0.1054,0.7474,0.0870,1.727210,-0.1074,-0.7422,-0.1382,-2.0094,-0.0255,1.6671,1.0366,-0.0676,0.0307,-0.1060,0.0420,-0.4283,0.0375,0.0311,61.51,35.24
2.069,35,1,0.8962,0.475694,0.866639,0.000000,1.1089,0.3350,-0.1797,0.7796,0.3350,-0.1797,0.7796,0.458448,-0.596539,0.653401,0.083863,0.0357,,0.2971,-0.1142,0.7484,0.0819,1.511223,-0.1134,-0.7389,-0.1517,-2.0046,-0.0247,1.6715,1.0425,-0.0487,0.0279,-0.1118,0.0402,0.0108,0.0367,0.0490,57.42,36.88
2.094,36,1,0.9115,0.472431,0.862005,0.000000,1.1042,0.3350,-0.1860,0.7796,0.3350,-0.1860,0.7796,0.092444,-0.666956,0.731341,0.108461,0.0355,,0.2961,-0.1229,0.7489,0.0803,1.287978,-0.1197,-0.7348,-0.1640,-2.0003,-0.0279,1.6754,1.0479,-0.0527,0.0342,-0.1022,0.0356,-0.0262,0.0331,0.0453,55.34,33.28
2.124,37,1,0.9054,0.469488,0.851295,0.000001,1.0936,0.3350,-0.1925,0.7796,0.3350,-0.1925,0.7796,0.050457,-0.673820,0.728950,0.109781,0.0350,,0.2953,-0.1310,0.7493,0.0792,1.257447,-0.1256,-0.7305,-0.1753,-1.9961,-0.0311,1.6794,1.0531,-0.0493,0.0359,-0.0948,0.0346,-0.0273,0.0331,0.0434,52.93,32.01
2.165,38,1,0.9211,0.465990,0.853219,0.000001,1.1000,0.3350,-0.2000,0.7796,0.3350,-0.2000,0.7796,0.039298,-0.673879,0.730407,0.104155,0.0353,,0.2944,-0.1388,0.7496,0.0793,1.236591,-0.1313,-0.7260,-0.1863,-1.9920,-0.0344,1.6835,1.0582,-0.0474,0.0375,-0.0915,0.0338,-0.0273,0.0337,0.0425,51.78,31.75
2.197,39,1,0.9219,0.467938,0.856043,0.000001,1.0952,0.3350,-0.1978,0.7796,0.3350,-0.1978,0.7796,0.032672,-0.674249,0.731366,0.097083,0.0351,,0.2940,-0.1453,0.7499,0.0730,1.215926,-0.1360,-0.7216,-0.1952,-1.9881,-0.0371,1.6874,1.0632,-0.0386,0.0375,-0.0733,0.0327,-0.0220,0.0330,0.0416,46.35,31.37
2.227,40,1,0.9038,0.467935,0.861141,0.000001,1.1040,0.3350,-0.1974,0.7796,0.3350,-0.1974,0.7796,0.023599,-0.679586,0.726810,0.096714,0.0355,,0.2937,-0.1508,0.7502,0.0688,1.191341,-0.1400,-0.7171,-0.2026,-1.9843,-0.0394,1.6912,1.0681,-0.0330,0.0377,-0.0618,0.0315,-0.0191,0.0318,0.0405,43.08,30.94
2.257,41,1,0.9085,0.468933,0.862178,0.000001,1.1234,0.3350,-0.1955,0.7796,0.3350,-0.1955,0.7796,0.026901,-0.684471,0.722743,0.091756,0.0364,,0.2938,-0.1554,0.7505,0.0645,1.164243,-0.1432,-0.7126,-0.2086,-1.9806,-0.0412,1.6949,1.0728,-0.0269,0.0370,-0.0496,0.0306,-0.0149,0.0308,0.0395,39.99,30.63
2.289,42,1,0.9020,0.471550,0.869867,0.000001,1.1118,0.3350,-0.1905,0.7796,0.3350,-0.1905,0.7796,0.028617,-0.678783,0.726760,0.101268,0.0358,,0.2942,-0.1588,0.7508,0.0592,1.176964,-0.1457,-0.7083,-0.2129,-1.9772,-0.0424,1.6983,1.0776,-0.0201,0.0363,-0.0351,0.0289,-0.0100,0.0280,0.0398,36.82,30.04
2.324,43,1,0.9105,0.472388,0.872550,0.000001,1.1207,0.3350,-0.1881,0.7796,0.3350,-0.1881,0.7796,0.027366,-0.681774,0.724263,0.099388,0.0363,,0.2947,-0.1615,0.7512,0.0560,1.160923,-0.1476,-0.7041,-0.2161,-1.9738,-0.0433,1.7015,1.0823,-0.0161,0.0351,-0.0268,0.0282,-0.0074,0.0266,0.0392,35.28,29.80
2.369,44,1,0.8909,0.478451,0.875257,0.000001,1.0993,0.3350,-0.1767,0.7796,0.3350,-0.1767,0.7796,0.019636,-0.683874,0.723073,0.095374,0.0353,,0.2958,-0.1625,0.7518,0.0501,1.148798,-0.1484,-0.7002,-0.2169,-1.9706,-0.0434,1.7044,1.0869,-0.0062,0.0325,-0.0053,0.0268,-0.0013,0.0238,0.0385,33.18,29.34
2.404,45,1,0.9024,0.477821,0.880404,0.000001,1.1040,0.3350,-0.1758,0.7796,0.3350,-0.1758,0.7796,0.037082,-0.684815,0.722026,0.091279,0.0355,,0.2968,-0.1634,0.7523,0.0485,1.136333,-0.1491,-0.6965,-0.2175,-1.9674,-0.0434,1.7071,1.0916,-0.0060,0.0311,-0.0054,0.0263,0.0003,0.0226,0.0387,32.74,29.15
2.430,46,1,0.9046,0.481513,0.884611,0.000001,1.0934,0.3350,-0.1689,0.7796,0.3350,-0.1689,0.7796,0.036439,-0.682734,0.723801,0.093054,0.0350,,0.2981,-0.1635,0.7530,0.0459,1.139947,-0.1493,-0.6930,-0.2169,-1.9644,-0.0429,1.7095,1.0962,-0.0009,0.0293,0.0059,0.0250,0.0039,0.0201,0.0387,32.31,28.70
2.457,47,1,0.9135,0.483261,0.883047,0.000001,1.1114,0.3350,-0.1646,0.7796,0.3350,-0.1646,0.7796,0.022234,-0.682736,0.723802,0.097405,0.0358,,0.2994,-0.1631,0.7536,0.0441,1.143477,-0.1491,-0.6897,-0.2156,-1.9615,-0.0424,1.7116,1.1008,0.0011,0.0279,0.0109,0.0239,0.0042,0.0178,0.0384,32.02,28.33
2.483,48,1,0.9056,0.488615,0.889690,0.000001,1.0991,0.3350,-0.1541,0.7796,0.3350,-0.1541,0.7796,0.037967,-0.680548,0.725817,0.092748,0.0353,,0.3010,-0.1616,0.7544,0.0430,1.141878,-0.1483,-0.6867,-0.2127,-1.9588,-0.0412,1.7135,1.1055,0.0076,0.0250,0.0246,0.0229,0.0100,0.0153,0.0388,32.99,27.99
2.510,49,1,0.8810,0.496715,0.894520,0.000001,1.1008,0.3350,-0.1376,0.7796,0.3350,-0.1376,0.7796,0.020342,-0.677830,0.728970,0.093464,0.0353,,0.3030,-0.1585,0.7553,0.0453,1.153308,-0.1463,-0.6841,-0.2074,-1.9563,-0.0395,1.7148,1.1102,0.0167,0.0216,0.0453,0.0212,0.0149,0.0113,0.0390,36.10,27.39
2.565,50,1,0.9004,0.501811,0.897830,0.000001,1.0935,0.3350,-0.1255,0.7796,0.3350,-0.1255,0.7796,0.014303,-0.673128,0.732107,0.103505,0.0350,,0.3052,-0.1545,0.7562,0.0477,1.177876,-0.1438,-0.6818,-0.2008,-1.9539,-0.0374,1.7157,1.1149,0.0208,0.0191,0.0551,0.0195,0.0177,0.0075,0.0397,37.80,26.79
2.595,51,1,0.9084,0.506368,0.899844,0.000001,1.0792,0.3350,-0.1151,0.7796,0.3350,-0.1151,0.7796,0.010803,-0.672841,0.732903,0.100110,0.0343,,0.3074,-0.1499,0.7572,0.0498,1.180461,-0.1410,-0.6799,-0.1935,-1.9517,-0.0350,1.7164,1.1197,0.0237,0.0163,0.0621,0.0186,0.0197,0.0052,0.0400,39.25,26.50
2.629,52,1,0.9093,0.509925,0.902211,0.000001,1.0948,0.3350,-0.1068,0.7796,0.3350,-0.1068,0.7796,0.016960,-0.668484,0.737127,0.097388,0.0350,,0.3095,-0.1450,0.7582,0.0507,1.191888,-0.1380,-0.6782,-0.1857,-1.9496,-0.0325,1.7167,1.1246,0.0247,0.0141,0.0646,0.0178,0.0212,0.0032,0.0408,39.61,26.19
2.661,53,1,0.9013,0.514515,0.898679,0.000001,1.1221,0.3350,-0.0970,0.7796,0.3350,-0.0970,0.7796,0.024190,-0.670931,0.736310,0.084346,0.0363,,0.3116,-0.1397,0.7593,0.0527,1.179141,-0.1348,-0.6768,-0.1774,-1.9475,-0.0296,1.7170,1.1295,0.0271,0.0115,0.0700,0.0172,0.0236,0.0020,0.0409,40.97,27.29
2.707,54,1,0.8968,0.518342,0.898646,0.000001,1.1118,0.3350,-0.0883,0.7796,0.3350,-0.0883,0.7796,0.009671,-0.669010,0.737424,0.092397,0.0358,,0.3136,-0.1341,0.7603,0.0540,1.198826,-0.1314,-0.6755,-0.1687,-1.9456,-0.0268,1.7169,1.1345,0.0280,0.0103,0.0728,0.0156,0.0234,-0.0008,0.0412,41.24,28.12
2.738,55,1,0.9048,0.520556,0.899485,0.000001,1.1175,0.3350,-0.0828,0.7796,0.3350,-0.0828,0.7796,0.011423,-0.665724,0.740062,0.094808,0.0361,,0.3154,-0.1286,0.7612,0.0531,1.213718,-0.1282,-0.6745,-0.1603,-1.9439,-0.0241,1.7166,1.1395,0.0266,0.0090,0.0702,0.0147,0.0230,-0.0024,0.0419,40.16,27.07
2.768,56,1,0.9150,0.526266,0.908151,0.000001,1.1047,0.3350,-0.0715,0.7796,0.3350,-0.0715,0.7796,0.016897,-0.668522,0.737111,0.097263,0.0355,,0.3173,-0.1224,0.7621,0.0567,1.215144,-0.1246,-0.6736,-0.1510,-1.9422,-0.0209,1.7160,1.1445,0.0304,0.0072,0.0782,0.0135,0.0261,-0.0047,0.0419,42.35,29.70
2.802,57,1,0.9189,0.525242,0.913887,0.000001,1.0900,0.3350,-0.0713,0.7754,0.3350,-0.0713,0.7754,0.015121,-0.668123,0.737126,0.100141,0.0348,,0.3192,-0.1172,0.7622,0.0504,1.222560,-0.1216,-0.6722,-0.1431,-1.9417,-0.0183,1.7149,1.1496,0.0244,0.0119,0.0651,0.0039,0.0222,-0.0096,0.0423,36.02,24.94
2.825,58,1,0.9158,0.528745,0.917661,0.000001,1.1006,0.3350,-0.0649,0.7692,0.3350,-0.0649,0.7692,0.033575,-0.668306,0.736233,0.100995,0.0353,,0.3213,-0.1120,0.7614,0.0497,1.222873,-0.1186,-0.6704,-0.1353,-1.9425,-0.0154,1.7130,1.1547,0.0253,0.0159,0.0653,-0.0071,0.0242,-0.0158,0.0426,34.09,24.86
2.854,59,1,0.9170,0.529662,0.924697,0.000001,1.0976,0.3350,-0.0621,0.7579,0.3350,-0.0621,0.7579,0.042099,-0.672369,0.732357,0.098999,0.0352,,0.3239,-0.1073,0.7590,0.0465,1.210200,-0.1159,-0.6675,-0.1283,-1.9456,-0.0126,1.7100,1.1598,0.0228,0.0248,0.0579,-0.0265,0.0230,-0.0255,0.0425,29.14,22.11
2.881,60,1,0.9286,0.523546,0.927476,0.000001,1.0933,0.3350,-0.0727,0.7519,0.3350,-0.0727,0.7519,0.033960,-0.671868,0.732527,0.104137,0.0350,,0.3261,-0.1047,0.7560,0.0335,1.212163,-0.1146,-0.6644,-0.1244,-1.9492,-0.0108,1.7067,1.1649,0.0100,0.0259,0.0318,-0.0300,0.0146,-0.0270,0.0425,20.23,12.89
2.908,61,1,0.9040,0.516338,0.924725,0.000001,1.0863,0.3350,-0.0876,0.7548,0.3350,-0.0876,0.7548,0.031775,-0.670885,0.733490,0.104382,0.0346,,0.3273,-0.1043,0.7541,0.0185,1.208011,-0.1149,-0.6622,-0.1235,-1.9511,-0.0100,1.7044,1.1700,-0.0032,0.0178,0.0062,-0.0153,0.0066,-0.0195,0.0422,17.85,14.79
2.969,62,1,0.9225,0.506471,0.918839,0.000001,1.0884,0.3350,-0.1080,0.7638,0.3350,-0.1080,0.7638,0.033512,-0.673043,0.732006,0.100285,0.0347,,0.3270,-0.1064,0.7539,0.0128,1.190436,-0.1171,-0.6613,-0.1262,-1.9503,-0.0103,1.7035,1.1749,-0.0185,0.0069,-0.0234,0.0077,-0.0025,-0.0071,0.0415,26.68,22.85
2.997,63,1,0.9116,0.501828,0.912473,0.000001,1.0934,0.3350,-0.1201,0.7746,0.3350,-0.1201,0.7746,0.032647,-0.679047,0.727383,0.093506,0.0350,,0.3257,-0.1095,0.7554,0.0238,1.162531,-0.1199,-0.6615,-0.1301,-1.9469,-0.0110,1.7040,1.1798,-0.0241,-0.0027,-0.0336,0.0288,-0.0061,0.0042,0.0401,35.44,30.22
3.029,64,1,0.9054,0.494770,0.900965,0.000001,1.0928,0.3350,-0.1350,0.7787,0.3350,-0.1350,0.7787,0.035908,-0.680977,0.726515,0.084605,0.0350,,0.3241,-0.1139,0.7571,0.0321,1.139706,-0.1237,-0.6616,-0.1361,-1.9432,-0.0123,1.7050,1.1845,-0.0319,-0.0008,-0.0501,0.0316,-0.0112,0.0082,0.0394,39.31,31.19
3.078,65,1,0.9203,0.489574,0.902012,0.000001,1.0966,0.3350,-0.1471,0.7795,0.3350,-0.1471,0.7795,0.044644,-0.680299,0.725585,0.093417,0.0351,,0.3225,-0.1191,0.7583,0.0372,1.136453,-0.1280,-0.6611,-0.1431,-1.9397,-0.0139,1.7059,1.1891,-0.0359,0.0042,-0.0597,0.0282,-0.0135,0.0080,0.0387,40.18,29.97
3.107,66,1,0.9206,0.490301,0.905337,0.000001,1.0889,0.3350,-0.1479,0.7796,0.3350,-0.1479,0.7796,0.047023,-0.676133,0.728999,0.095886,0.0348,,0.3212,-0.1237,0.7593,0.0345,1.137411,-0.1318,-0.6603,-0.1492,-1.9367,-0.0152,1.7068,1.1937,-0.0310,0.0069,-0.0504,0.0253,-0.0106,0.0071,0.0385,36.85,28.91
3.138,67,1,0.9147,0.480009,0.904049,0.000001,1.0992,0.3350,-0.1666,0.7796,0.3350,-0.1666,0.7796,0.058579,-0.672631,0.731421,0.095710,0.0353,,0.3196,-0.1300,0.7598,0.0444,1.130012,-0.1367,-0.6590,-0.1579,-1.9339,-0.0172,1.7078,1.1984,-0.0416,0.0114,-0.0735,0.0235,-0.0167,0.0089,0.0386,42.31,28.25
3.164,68,1,0.9418,0.475186,0.918991,0.000001,1.0974,0.3350,-0.1787,0.7680,0.3350,-0.1787,0.7680,0.065415,-0.666862,0.734293,0.108760,0.0352,,0.3189,-0.1370,0.7581,0.0458,1.136708,-0.1419,-0.6556,-0.1676,-1.9341,-0.0194,1.7076,1.2030,-0.0436,0.0294,-0.0817,-0.0033,-0.0186,-0.0023,0.0382,39.51,26.21
3.191,69,1,0.9357,0.473721,0.928941,0.000001,1.0894,0.3350,-0.1835,0.7516,0.3350,-0.1835,0.7516,0.057345,-0.664037,0.736494,0.115507,0.0348,,0.3193,-0.1439,0.7539,0.0427,1.129339,-0.1469,-0.6504,-0.1772,-1.9377,-0.0216,1.7058,1.2075,-0.0409,0.0452,-0.0794,-0.0314,-0.0185,-0.0152,0.0376,36.58,25.26
3.217,70,1,0.9333,0.476973,0.937988,0.000001,1.0860,0.3350,-0.1785,0.7356,0.3350,-0.1785,0.7356,0.053214,-0.663613,0.737347,0.114482,0.0346,,0.3207,-0.1493,0.7480,0.0348,1.108758,-0.1507,-0.6440,-0.1848,-1.9439,-0.0233,1.7027,1.2119,-0.0318,0.0542,-0.0630,-0.0525,-0.0137,-0.0261,0.0369,31.37,19.38
3.244,71,1,0.9187,0.480856,0.946911,0.000001,1.1111,0.3350,-0.1706,0.7198,0.3350,-0.1706,0.7198,0.033753,-0.665133,0.737423,0.112544,0.0358,,0.3230,-0.1533,0.7408,0.0297,1.085659,-0.1535,-0.6369,-0.1904,-1.9522,-0.0245,1.6984,1.2162,-0.0229,0.0601,-0.0459,-0.0701,-0.0101,-0.0361,0.0362,28.32,20.61
3.271,72,1,0.9196,0.480929,0.948422,0.000001,1.1096,0.3350,-0.1691,0.7148,0.3350,-0.1691,0.7148,0.027777,-0.668615,0.735564,0.105489,0.0357,,0.3249,-0.1567,0.7344,0.0253,1.054059,-0.1560,-0.6307,-0.1951,-1.9596,-0.0255,1.6944,1.2205,-0.0204,0.0516,-0.0389,-0.0615,-0.0085,-0.0331,0.0356,23.28,16.49
3.303,73,1,0.8866,0.490690,0.957890,0.000001,1.1110,0.3350,-0.1512,0.7002,0.3350,-0.1512,0.7002,0.016904,-0.667530,0.737149,0.103586,0.0358,,0.3279,-0.1576,0.7269,0.0283,1.041206,-0.1566,-0.6240,-0.1963,-1.9692,-0.0255,1.6890,1.2247,-0.0047,0.0570,-0.0093,-0.0802,0.0002,-0.0447,0.0352,22.28,18.56
3.365,74,1,0.8924,0.498289,0.961742,0.000001,1.1186,0.3350,-0.1343,0.6920,0.3350,-0.1343,0.6920,0.019613,-0.668834,0.735844,0.103975,0.0362,,0.3311,-0.1565,0.7197,0.0357,1.026349,-0.1559,-0.6180,-0.1949,-1.9787,-0.0246,1.6833,1.2290,0.0064,0.0496,0.0134,-0.0790,0.0079,-0.0477,0.0354,20.96,14.92
3.413,75,1,0.8927,0.504233,0.960038,0.000001,1.1111,0.3350,-0.1205,0.6930,0.3350,-0.1205,0.6930,0.022245,-0.668760,0.735627,0.105445,0.0358,,0.3339,-0.1539,0.7143,0.0397,1.020263,-0.1542,-0.6138,-0.1913,-1.9861,-0.0229,1.6781,1.2333,0.0141,0.0341,0.0309,-0.0614,0.0140,-0.0431,0.0356,19.57,13.55
3.444,76,1,0.9078,0.505411,0.962242,0.000001,1.1062,0.3350,-0.1159,0.6900,0.3350,-0.1159,0.6900,0.034795,-0.666318,0.735624,0.116904,0.0356,,0.3364,-0.1512,0.7094,0.0403,1.026821,-0.1526,-0.6103,-0.1876,-1.9931,-0.0211,1.6729,1.2376,0.0139,0.0297,0.0309,-0.0583,0.0154,-0.0437,0.0363,18.88,13.46
3.471,77,1,0.8851,0.511207,0.964699,0.000001,1.1018,0.3350,-0.1046,0.6859,0.3350,-0.1046,0.6859,0.024992,-0.667631,0.736995,0.102384,0.0354,,0.3389,-0.1476,0.7048,0.0471,1.009828,-0.1502,-0.6073,-0.1825,-1.9998,-0.0188,1.6676,1.2419,0.0199,0.0246,0.0431,-0.0560,0.0187,-0.0440,0.0361,22.71,17.67
3.498,78,1,0.9022,0.515932,0.964100,0.000001,1.1018,0.3350,-0.0940,0.6861,0.3350,-0.0940,0.6861,0.020277,-0.667086,0.736954,0.107160,0.0354,,0.3410,-0.1431,0.7012,0.0517,1.013949,-0.1473,-0.6054,-0.1762,-2.0054,-0.0162,1.6625,1.2463,0.0241,0.0156,0.0523,-0.0463,0.0217,-0.0421,0.0364,26.24,20.79
3.528,79,1,0.9061,0.523715,0.965777,0.000001,1.0895,0.3350,-0.0781,0.6837,0.3350,-0.0781,0.6837,0.012694,-0.664637,0.738566,0.112325,0.0348,,0.3433,-0.1373,0.6980,0.0615,1.025910,-0.1435,-0.6040,-0.1681,-2.0109,-0.0130,1.6571,1.2507,0.0324,0.0116,0.0683,-0.0457,0.0267,-0.0446,0.0369,32.72,26.24
3.555,80,1,0.8865,0.529327,0.962775,0.000001,1.0893,0.3350,-0.0651,0.6876,0.3350,-0.0651,0.6876,0.013133,-0.662865,0.741794,0.100888,0.0348,,0.3452,-0.1307,0.6962,0.0669,1.026539,-0.1391,-0.6041,-0.1588,-2.0146,-0.0094,1.6524,1.2553,0.0367,-0.0011,0.0782,-0.0296,0.0304,-0.0392,0.0377,38.43,29.58
3.582,81,1,0.9062,0.536347,0.967940,0.000001,1.0904,0.3350,-0.0501,0.6808,0.3350,-0.0501,0.6808,0.023198,-0.662031,0.742476,0.099523,0.0348,,0.3474,-0.1231,0.6935,0.0751,1.031075,-0.1340,-0.6036,-0.1483,-2.0196,-0.0052,1.6469,1.2599,0.0430,0.0040,0.0883,-0.0425,0.0351,-0.0461,0.0383,41.33,32.92
3.607,82,1,0.8983,0.546581,0.971065,0.000001,1.0948,0.3350,-0.0289,0.6751,0.3350,-0.0289,0.6751,0.023766,-0.664094,0.740159,0.102852,0.0351,,0.3498,-0.1139,0.6906,0.0876,1.035643,-0.1276,-0.6033,-0.1356,-2.0253,-0.0002,1.6408,1.2645,0.0536,0.0034,0.1071,-0.0481,0.0421,-0.0509,0.0386,48.99,39.29
3.638,83,1,0.9169,0.546908,0.979162,0.000001,1.0881,0.3350,-0.0245,0.6624,0.3350,-0.0245,0.6624,0.028500,-0.659894,0.742735,0.109870,0.0347,,0.3523,-0.1055,0.6859,0.0860,1.053931,-0.1218,-0.6016,-0.1241,-2.0334,0.0046,1.6337,1.2693,0.0481,0.0143,0.0953,-0.0678,0.0392,-0.0590,0.0399,43.92,34.97
3.667,84,1,0.9077,0.550555,0.982770,0.000001,1.0946,0.3350,-0.0172,0.6549,0.3350,-0.0172,0.6549,0.031421,-0.658333,0.744746,0.104706,0.0350,,0.3546,-0.0972,0.6809,0.0864,1.058738,-0.1161,-0.6000,-0.1129,-2.0418,0.0093,1.6266,1.2741,0.0475,0.0141,0.0939,-0.0704,0.0395,-0.0598,0.0403,43.39,34.27
3.701,85,1,0.9045,0.557729,0.989510,0.000001,1.1169,0.3350,-0.0029,0.6438,0.3350,-0.0029,0.6438,0.035985,-0.663887,0.740733,0.096298,0.0361,,0.3539,-0.0873,0.6716,0.0909,1.035898,-0.1097,-0.5978,-0.1007,-2.0515,0.0145,1.5836,1.2789,0.0531,0.0189,0.1024,-0.0818,0.0433,-0.5848,0.0402,47.65,37.05
3.779,86,1,0.9097,0.555406,0.993143,0.000001,1.1077,0.3350,-0.0045,0.6366,0.3350,-0.0045,0.6366,0.028254,-0.668656,0.736783,0.096187,0.0357,,0.3549,-0.0796,0.6660,0.0830,1.027135,-0.1045,-0.5959,-0.0904,-2.0596,0.0190,1.5704,1.2838,0.0432,0.0145,0.0852,-0.0652,0.0379,-0.0473,0.0403,39.02,30.82
3.806,87,1,0.9240,0.559884,0.998858,0.000001,1.1186,0.3350,0.0033,0.6270,0.3350,0.0033,0.6270,0.005389,-0.666100,0.737736,0.109668,0.0362,,0.3553,-0.0716,0.6583,0.0837,1.041619,-0.0992,-0.5931,-0.0800,-2.0698,0.0235,1.5476,1.2886,0.0446,0.0243,0.0869,-0.0860,0.0372,-0.2994,0.0405,41.22,31.26
3.836,88,1,0.9180,0.563201,1.005020,0.000001,1.1058,0.3350,0.0106,0.6164,0.3350,0.0106,0.6164,-0.550528,-0.551926,0.618524,0.098618,0.0356,,0.3520,-0.0628,0.6471,0.0814,1.574712,-0.0937,-0.5896,-0.0678,-2.0804,0.0223,1.4901,1.2929,0.0454,0.0300,0.1026,-0.0889,-0.0102,-0.6031,0.0354,45.07,36.52
3.862,89,1,0.9235,0.568202,1.011503,0.000001,1.1309,0.3350,0.0210,0.6051,0.3350,0.0210,0.6051,-0.124105,-0.661970,0.730002,0.116147,0.0367,,0.3527,-0.0550,0.6404,0.0856,1.079197,-0.0882,-0.5862,-0.0568,-2.0901,0.0260,1.4774,1.2978,0.0458,0.0279,0.0914,-0.0792,0.0311,-0.0460,0.0412,41.16,32.43
3.889,90,1,0.9290,0.559968,1.024741,0.000001,1.1097,0.3350,0.0080,0.5840,0.3350,0.0080,0.5840,-0.030824,-0.670782,0.732658,0.110972,0.0357,,0.3532,-0.0497,0.6307,0.0764,1.031403,-0.0847,-0.5805,-0.0497,-2.1041,0.0291,1.4602,1.3028,0.0286,0.0496,0.0583,-0.1180,0.0254,-0.2157,0.0412,36.84,20.70
3.916,91,1,0.9374,0.566169,1.022384,0.000001,1.1255,0.3350,0.0169,0.5836,0.3350,0.0169,0.5836,-0.021136,-0.664825,0.738536,0.110116,0.0365,,0.3541,-0.0441,0.6236,0.0754,1.047960,-0.0808,-0.5763,-0.0418,-2.1152,0.0328,1.4535,1.3078,0.0332,0.0337,0.0661,-0.0911,0.0307,-0.0482,0.0415,32.82,23.31
3.943,92,1,0.9239,0.564284,1.014685,0.000001,1.1100,0.3350,0.0150,0.5946,0.3350,0.0150,0.5946,-0.039659,-0.665825,0.734954,0.122260,0.0358,,0.3544,-0.0394,0.6192,0.0628,1.049082,-0.0775,-0.5745,-0.0350,-2.1224,0.0359,1.4486,1.3127,0.0269,0.0140,0.0562,-0.0593,0.0259,-0.0408,0.0416,26.35,19.73
3.972,93,1,0.9272,0.567587,1.029904,0.000001,1.1085,0.3350,0.0207,0.5747,0.3350,0.0207,0.5747,-0.019274,-0.657704,0.743752,0.117841,0.0357,,0.3550,-0.0346,0.6123,0.0698,1.069278,-0.0741,-0.5703,-0.0282,-2.1337,0.0392,1.4426,1.3178,0.0281,0.0361,0.0571,-0.0952,0.0279,-0.0503,0.0425,30.18,19.95
4.009,94,1,0.9357,0.571020,1.040718,0.000001,1.0992,0.3350,0.0279,0.5555,0.3350,0.0279,0.5555,-0.027951,-0.644498,0.752736,0.131265,0.0353,,0.3558,-0.0296,0.6034,0.0777,1.104249,-0.0705,-0.5645,-0.0211,-2.1476,0.0427,1.4358,1.3231,0.0299,0.0493,0.0599,-0.1174,0.0289,-0.0562,0.0438,36.56,20.80
4.038,95,1,0.9462,0.574767,1.053874,0.000001,1.0761,0.3350,0.0359,0.5330,0.3350,0.0359,0.5330,-0.035487,-0.643134,0.751259,0.143976,0.0342,,0.3544,-0.0241,0.5913,0.0858,1.105201,-0.0666,-0.5569,-0.0134,-2.1647,0.0463,1.4101,1.3284,0.0327,0.0652,0.0640,-0.1433,0.0304,-0.3361,0.0439,46.00,28.63
4.068,96,1,0.9535,0.576594,1.074803,0.000001,1.0689,0.3350,0.0407,0.5220,0.3350,0.0407,0.5220,-0.030015,-0.644802,0.749007,0.149393,0.0338,,0.3545,-0.0189,0.5808,0.0859,1.100004,-0.0628,-0.5494,-0.0059,-2.1807,0.0501,1.4014,1.3336,0.0320,0.0624,0.0623,-0.1325,0.0315,-0.0497,0.0437,42.01,24.66
4.118,97,1,0.9398,0.576631,1.100390,0.000001,1.0788,0.3350,0.0416,0.5200,0.3350,0.0416,0.5200,-0.055390,-0.643733,0.749003,0.146745,0.0343,,0.3546,-0.0142,0.5716,0.0785,1.105442,-0.0593,-0.5429,0.0010,-2.1952,0.0535,1.3956,1.3389,0.0290,0.0538,0.0575,-0.1204,0.0278,-0.0484,0.0441,36.39,20.37
4.169,98,1,0.9568,0.576756,1.155751,0.000001,1.0506,0.3350,0.0420,0.5197,0.3350,0.0420,0.5197,-0.031945,-0.632741,0.756628,0.161656,0.0330,,0.3544,-0.0101,0.5638,0.0710,1.129233,-0.0562,-0.5375,0.0071,-2.2077,0.0569,1.3904,1.3443,0.0254,0.0444,0.0508,-0.1037,0.0286,-0.0428,0.0448,29.71,17.22
4.213,99,1,0.9606,0.579804,1.151825,0.000001,1.0999,0.3350,0.0476,0.5196,0.3350,0.0476,0.5196,0.539323,-0.543656,0.632383,0.116873,0.0353,,0.3541,-0.0062,0.5580,0.0688,1.558881,-0.0530,-0.5339,0.0117,-2.2175,0.0636,1.3876,1.3481,0.0266,0.0296,0.0382,-0.0808,0.0560,-0.0234,0.0318,23.34,12.72
4.261,100,1,0.9569,0.583515,1.138782,0.000001,1.1052,0.3350,0.0553,0.5196,0.3350,0.0553,0.5196,-0.453505,-0.575486,0.669064,0.124510,0.0355,,0.3535,-0.0012,0.5518,0.0676,1.400321,-0.0489,-0.5299,0.0204,-2.2276,0.0633,1.3825,1.3536,0.0352,0.0338,0.0734,-0.0839,-0.0024,-0.0426,0.0460,32.87,24.98
4.289,101,1,0.9629,0.590718,1.144822,0.000001,1.0868,0.3350,0.0696,0.5196,0.3350,0.0696,0.5196,0.464585,-0.577903,0.658817,0.127077,0.0347,,0.3531,0.0040,0.5477,0.0737,1.451411,-0.0444,-0.5277,0.0271,-2.2347,0.0700,1.3803,1.3576,0.0374,0.0173,0.0558,-0.0581,0.0560,-0.0175,0.0331,29.05,18.71
4.316,102,1,0.9644,0.598046,1.139435,0.000001,1.1024,0.3350,0.0855,0.5196,0.3350,0.0855,0.5196,0.096450,-0.658765,0.733300,0.137830,0.0354,,0.3524,0.0106,0.5438,0.0805,1.103828,-0.0387,-0.5256,0.0366,-2.2415,0.0767,1.3775,1.3625,0.0479,0.0177,0.0803,-0.0569,0.0560,-0.0239,0.0409,38.00,27.16
4.356,103,1,0.9653,0.597641,1.136583,0.000001,1.0917,0.3350,0.0876,0.5196,0.3350,0.0876,0.5196,-0.521291,-0.563566,0.630378,0.115204,0.0349,,0.3515,0.0173,0.5397,0.0749,1.470824,-0.0328,-0.5232,0.0478,-2.2482,0.0771,1.3733,1.3680,0.0490,0.0194,0.0939,-0.0561,0.0032,-0.0348,0.0461,40.38,31.79
4.383,104,1,0.9599,0.596298,1.142542,0.000001,1.0963,0.3350,0.0855,0.5196,0.3350,0.0855,0.5196,0.455524,-0.594399,0.653257,0.111548,0.0351,,0.3509,0.0221,0.5376,0.0678,1.444472,-0.0286,-0.5225,0.0541,-2.2522,0.0838,1.3725,1.3719,0.0346,0.0052,0.0511,-0.0325,0.0560,-0.0059,0.0325,30.12,16.68
4.407,105,1,0.9677,0.602273,1.133924,0.000001,1.1040,0.3350,0.0959,0.5196,0.3350,0.0959,0.5196,0.086233,-0.661029,0.734565,0.126566,0.0355,,0.3501,0.0279,0.5352,0.0714,1.124605,-0.0236,-0.5216,0.0624,-2.2565,0.0902,1.3708,1.3769,0.0417,0.0082,0.0703,-0.0356,0.0535,-0.0144,0.0416,35.42,23.33
4.471,106,1,0.9667,0.602104,1.142428,0.000001,1.0929,0.3350,0.0975,0.5196,0.3350,0.0975,0.5196,0.021893,-0.662761,0.736942,0.131087,0.0350,,0.3493,0.0333,0.5331,0.0672,1.112113,-0.0191,-0.5208,0.0703,-2.2602,0.0957,1.3692,1.3821,0.0377,0.0065,0.0654,-0.0306,0.0456,-0.0134,0.0429,33.58,21.50
4.497,107,1,0.9636,0.600545,1.138509,0.000001,1.1053,0.3350,0.0950,0.5196,0.3350,0.0950,0.5196,0.005034,-0.665738,0.732706,0.141102,0.0355,,0.3485,0.0379,0.5313,0.0599,1.100999,-0.0153,-0.5201,0.0771,-2.2635,0.1005,1.3677,1.3872,0.0315,0.0054,0.0563,-0.0271,0.0398,-0.0125,0.0428,30.42,18.20
4.524,108,1,0.9646,0.600090,1.139953,0.000001,1.1147,0.3350,0.0937,0.5196,0.3350,0.0937,0.5196,0.003684,-0.667021,0.731846,0.139539,0.0360,,0.3477,0.0418,0.5298,0.0544,1.101144,-0.0120,-0.5196,0.0830,-2.2663,0.1049,1.3664,1.3923,0.0270,0.0038,0.0494,-0.0234,0.0364,-0.0106,0.0427,28.69,15.72
4.551,109,1,0.9621,0.603112,1.150354,0.000001,1.1013,0.3350,0.0989,0.5196,0.3350,0.0989,0.5196,-0.539263,-0.556958,0.613745,0.149367,0.0354,,0.3466,0.0464,0.5275,0.0544,1.483510,-0.0079,-0.5185,0.0914,-2.2698,0.1041,1.3631,1.3979,0.0347,0.0094,0.0707,-0.0299,-0.0065,-0.0273,0.0463,32.69,23.10
4.578,110,1,0.9478,0.603767,1.176777,0.000001,1.0841,0.3350,0.1010,0.5196,0.3350,0.1010,0.5196,0.459958,-0.586782,0.651805,0.138841,0.0345,,0.3462,0.0499,0.5272,0.0529,1.484629,-0.0050,-0.5189,0.0955,-2.2707,0.1108,1.3637,1.4018,0.0234,-0.0040,0.0332,-0.0067,0.0560,0.0054,0.0322,31.07,19.50
4.613,111,1,0.9427,0.595915,1.181766,0.000001,1.1223,0.3350,0.0873,0.5196,0.3350,0.0873,0.5196,0.118708,-0.659409,0.726798,0.151175,0.0363,,0.3456,0.0519,0.5263,0.0375,1.146359,-0.0036,-0.5189,0.0983,-2.2726,0.1150,1.3632,1.4067,0.0111,0.0009,0.0232,-0.0157,0.0343,-0.0050,0.0409,24.24,16.36
4.659,112,1,0.9475,0.584543,1.183296,0.000001,1.1386,0.3350,0.0643,0.5196,0.3350,0.0643,0.5196,0.064967,-0.665154,0.731579,0.134690,0.0371,,0.3454,0.0516,0.5256,0.0175,1.120249,-0.0046,-0.5189,0.0978,-2.2744,0.1166,1.3626,1.4117,-0.0089,-0.0005,-0.0054,-0.0150,0.0136,-0.0044,0.0416,23.04,16.58
4.685,113,1,0.9595,0.579929,1.205425,0.000001,1.0732,0.3350,0.0518,0.5196,0.3350,0.0518,0.5196,0.068739,-0.649460,0.740576,0.158191,0.0340,,0.3453,0.0500,0.5248,0.0117,1.140985,-0.0067,-0.5190,0.0956,-2.2763,0.1175,1.3619,1.4167,-0.0180,-0.0004,-0.0190,-0.0158,0.0075,-0.0062,0.0420,24.94,16.30
4.712,114,1,0.9675,0.579285,1.213818,0.000001,1.0073,0.3350,0.0484,0.5196,0.3350,0.0484,0.5196,0.087709,-0.643824,0.744088,0.155337,0.0309,,0.3452,0.0483,0.5242,0.0112,1.152325,-0.0090,-0.5192,0.0931,-2.2780,0.1185,1.3613,1.4217,-0.0191,-0.0015,-0.0211,-0.0139,0.0081,-0.0050,0.0416,26.03,16.97
4.757,115,1,0.9642,0.578281,1.210114,0.000001,1.0649,0.3350,0.0460,0.5196,0.3350,0.0460,0.5196,0.091020,-0.654909,0.739273,0.127613,0.0336,,0.3451,0.0466,0.5238,0.0110,1.130548,-0.0113,-0.5195,0.0905,-2.2793,0.1194,1.3610,1.4266,-0.0192,-0.0032,-0.0214,-0.0115,0.0070,-0.0023,0.0406,26.93,17.83
4.783,116,1,0.9672,0.576527,1.217771,0.000001,1.0178,0.3350,0.0424,0.5196,0.3350,0.0424,0.5196,0.105060,-0.653537,0.738055,0.130866,0.0314,,0.3450,0.0447,0.5234,0.0110,1.126615,-0.0138,-0.5199,0.0877,-2.2807,0.1202,1.3607,1.4313,-0.0208,-0.0035,-0.0240,-0.0109,0.0069,-0.0021,0.0399,27.62,18.01
4.805,117,1,0.9594,0.579551,1.212304,0.000001,1.0038,0.3350,0.0472,0.5196,0.3350,0.0472,0.5196,0.104159,-0.660604,0.733904,0.118908,0.0308,,0.3449,0.0434,0.5232,0.0112,1.107273,-0.0156,-0.5205,0.0858,-2.2818,0.1215,1.3607,1.4360,-0.0146,-0.0044,-0.0151,-0.0091,0.0110,-0.0008,0.0391,26.48,18.66
4.867,118,1,0.9573,0.579077,1.219958,0.000001,1.0250,0.3350,0.0472,0.5196,0.3350,0.0472,0.5196,0.115164,-0.660057,0.732889,0.118047,0.0318,,0.3448,0.0423,0.5230,0.0115,1.104744,-0.0173,-0.5210,0.0841,-2.2828,0.1230,1.3606,1.4407,-0.0141,-0.0047,-0.0145,-0.0084,0.0122,-0.0002,0.0386,26.59,18.90
4.893,119,1,0.9560,0.572110,1.218214,0.000001,1.0494,0.3350,0.0346,0.5196,0.3350,0.0346,0.5196,0.099884,-0.663719,0.731625,0.119271,0.0329,,0.3448,0.0401,0.5228,0.0117,1.080579,-0.0201,-0.5216,0.0808,-2.2839,0.1234,1.3606,1.4453,-0.0234,-0.0045,-0.0281,-0.0092,0.0032,-0.0005,0.0384,29.03,18.63
4.917,120,1,0.9551,0.569086,1.230930,0.000001,1.0201,0.3350,0.0269,0.5196,0.3350,0.0269,0.5196,0.110704,-0.658910,0.734821,0.116705,0.0315,,0.3448,0.0374,0.5226,0.0147,1.086682,-0.0234,-0.5222,0.0767,-2.2849,0.1235,1.3606,1.4498,-0.0275,-0.0050,-0.0342,-0.0088,0.0007,0.0001,0.0381,30.76,18.76
4.943,121,1,0.9653,0.557337,1.234381,0.000001,1.0187,0.3350,0.0043,0.5196,0.3350,0.0043,0.5196,0.072354,-0.660194,0.736540,0.128132,0.0315,,0.3449,0.0327,0.5224,0.0302,1.052056,-0.0285,-0.5227,0.0700,-2.2862,0.1216,1.3604,1.4544,-0.0435,-0.0041,-0.0572,-0.0109,-0.0153,-0.0017,0.0382,37.72,21.55
4.970,122,1,0.9629,0.576024,1.277526,0.000001,0.8302,0.3350,0.0340,0.5196,0.3350,0.0340,0.5196,-0.541273,-0.553448,0.615787,0.146714,0.0226,,0.3443,0.0320,0.5211,0.0097,1.438542,-0.0294,-0.5223,0.0708,-2.2885,0.1168,1.3576,1.4596,-0.0062,0.0033,0.0088,-0.0197,-0.0405,-0.0234,0.0429,21.83,14.92
5.015,123,1,0.9447,0.548776,1.319169,0.000001,0.8004,0.3350,-0.0099,0.5196,0.3350,-0.0099,0.5196,-0.214099,-0.628543,0.723174,0.190038,0.0212,,0.3442,0.0267,0.5204,0.0377,1.079301,-0.0352,-0.5224,0.0636,-2.2902,0.1118,1.3561,1.4647,-0.0502,-0.0009,-0.0621,-0.0136,-0.0420,-0.0126,0.0424,40.27,23.19
5.058,124,1,0.9431,0.551873,1.341246,0.000001,0.8074,0.3350,-0.0122,0.5196,0.3350,-0.0122,0.5196,-0.132024,-0.637849,0.735682,0.185714,0.0215,,0.3441,0.0217,0.5200,0.0350,1.028671,-0.0407,-0.5227,0.0569,-2.2915,0.1079,1.3549,1.4695,-0.0450,-0.0024,-0.0562,-0.0108,-0.0320,-0.0097,0.0401,37.96,21.01
5.087,125,1,0.8583,0.551851,1.378947,0.000001,0.7388,0.3350,-0.0126,0.5196,0.3350,-0.0126,0.5196,-0.192074,-0.616001,0.742808,0.178571,0.0183,,0.3439,0.0171,0.5196,0.0310,1.083342,-0.0457,-0.5229,0.0509,-2.2928,0.1038,1.3536,1.4745,-0.0416,-0.0021,-0.0497,-0.0104,-0.0343,-0.0107,0.0421,36.09,18.77
5.112,126,1,0.8954,0.549895,1.415856,0.000001,0.7830,0.3350,-0.0162,0.5196,0.3350,-0.0162,0.5196,-0.191114,-0.618343,0.741738,0.175932,0.0204,,0.3436,0.0126,0.5192,0.0301,1.065072,-0.0506,-0.5233,0.0451,-2.2938,0.0998,1.3524,1.4795,-0.0409,-0.0026,-0.0487,-0.0087,-0.0338,-0.0097,0.0415,36.02,18.76
5.158,127,1,0.8570,0.548749,1.442687,0.000001,0.6885,0.3350,-0.0189,0.5196,0.3350,-0.0189,0.5196,-0.150646,-0.629411,0.742922,0.170924,0.0159,,0.3434,0.0083,0.5190,0.0285,1.019244,-0.0553,-0.5237,0.0394,-2.2946,0.0962,1.3515,1.4843,-0.0395,-0.0035,-0.0476,-0.0067,-0.0297,-0.0075,0.0399,35.80,19.49
5.184,128,1,0.6764,0.521258,1.478909,0.000001,0.7769,0.3350,-0.0690,0.5196,0.3350,-0.0690,0.5196,-0.216252,-0.579984,0.770829,0.150586,0.0201,,0.3430,-0.0032,0.5186,0.0663,1.135128,-0.0646,-0.5239,0.0273,-2.2955,0.0655,1.3508,1.4897,-0.0788,-0.0019,-0.1031,-0.0073,-0.4245,-0.0057,0.0448,58.39,37.20
5.223,129,1,0.6825,0.502701,1.534179,0.000001,0.8278,0.3350,-0.1115,0.5196,0.3350,-0.1115,0.5196,-0.196820,-0.579262,0.771775,0.173438,0.0225,,0.3419,-0.0207,0.5183,0.0911,1.081363,-0.0765,-0.5240,0.0113,-2.2961,0.0061,1.3503,1.4947,-0.0994,-0.0007,-0.1352,-0.0048,-0.5513,-0.0049,0.0417,71.38,48.12
5.268,130,1,0.7893,0.498894,1.559392,0.000001,0.7998,0.3350,-0.1260,0.5196,0.3350,-0.1260,0.5196,-0.136252,-0.592742,0.772359,0.183176,0.0212,,0.3404,-0.0390,0.5185,0.0872,1.005822,-0.0878,-0.5241,-0.0044,-2.2961,-0.0618,1.3498,1.4992,-0.0946,-0.0007,-0.1304,-0.0003,-0.5585,-0.0035,0.0379,69.04,46.12
5.294,131,1,0.7618,0.461624,1.625838,0.000001,0.7988,0.3350,-0.1959,0.5196,0.3350,-0.1959,0.5196,-0.158088,-0.585355,0.775438,0.176247,0.0211,,0.3378,-0.0607,0.5190,0.1352,0.982675,-0.1041,-0.5237,-0.0272,-2.2956,-0.1216,1.3497,1.5037,-0.1372,0.0032,-0.1931,0.0044,-0.4770,-0.0008,0.0373,96.30,67.76
5.324,132,1,0.8619,0.478321,1.656287,0.000002,0.8208,0.3350,-0.1783,0.5196,0.3350,-0.1783,0.5196,-0.143606,-0.598241,0.769825,0.169866,0.0222,,0.3352,-0.0784,0.5199,0.0999,0.922942,-0.1163,-0.5232,-0.0443,-2.2947,-0.1783,1.3499,1.5077,-0.1006,0.0040,-0.1406,0.0078,-0.4285,0.0016,0.0338,73.16,49.03
5.350,133,1,0.8304,0.444331,1.700949,0.000001,0.7556,0.3350,-0.2365,0.5196,0.3350,-0.2365,0.5196,-0.185297,-0.589981,0.769024,0.161832,0.0191,,0.3316,-0.0976,0.5206,0.1389,0.898871,-0.1324,-0.5221,-0.0669,-2.2930,-0.2212,1.3505,1.5118,-0.1348,0.0095,-0.1910,0.0137,-0.3250,0.0052,0.0340,95.18,66.40
5.375,134,1,0.9155,0.484251,1.696795,0.000002,0.7520,0.3350,-0.1749,0.5196,0.3350,-0.1749,0.5196,-0.111203,-0.609087,0.767625,0.165529,0.0189,,0.3299,-0.1056,0.5207,0.0695,0.850857,-0.1405,-0.5212,-0.0782,-2.2918,-0.2274,1.3513,1.5154,-0.0647,0.0076,-0.0903,0.0104,-0.0385,0.0068,0.0300,51.21,30.91
5.410,135,1,0.8908,0.510030,1.628218,0.000001,0.7146,0.3350,-0.1174,0.5196,0.3350,-0.1174,0.5196,-0.128069,-0.613475,0.764879,0.149022,0.0172,,0.3296,-0.1075,0.5207,0.0112,0.832351,-0.1427,-0.5208,-0.0809,-2.2912,-0.2279,1.3518,1.5192,-0.0174,0.0036,-0.0193,0.0048,-0.0040,0.0039,0.0311,28.17,23.45
5.463,136,1,0.8895,0.504467,1.618653,0.000001,0.6921,0.3350,-0.1170,0.5196,0.3350,-0.1170,0.5196,-0.071074,-0.620675,0.769816,0.130742,0.0161,,0.3293,-0.1094,0.5209,0.0096,0.839025,-0.1450,-0.5205,-0.0836,-2.2904,-0.2280,1.3525,1.5229,-0.0193,0.0022,-0.0230,0.0062,-0.0007,0.0062,0.0313,29.41,23.97
5.490,137,1,0.9051,0.527163,1.553507,0.000001,0.6152,0.3350,-0.0760,0.5196,0.3350,-0.0760,0.5196,-0.013175,-0.629259,0.769207,0.110363,0.0125,,0.3299,-0.1073,0.5211,0.0317,0.861694,-0.1433,-0.5207,-0.0806,-2.2903,-0.2243,1.3532,1.5265,0.0154,-0.0015,0.0272,0.0015,0.0316,0.0056,0.0300,29.93,22.31
5.518,138,1,0.8971,0.555655,1.455309,0.000001,0.6924,0.3350,-0.0172,0.5196,0.3350,-0.0172,0.5196,-0.047044,-0.630397,0.767230,0.108372,0.0161,,0.3316,-0.1002,0.5211,0.0830,0.850013,-0.1365,-0.5213,-0.0699,-2.2911,-0.2173,1.3531,1.5302,0.0585,-0.0052,0.0918,-0.0071,0.0584,-0.0009,0.0310,50.33,32.89
5.573,139,1,0.9218,0.557841,1.444710,0.000001,0.6794,0.3350,-0.0027,0.5196,0.3350,-0.0027,0.5196,-0.080770,-0.621602,0.770535,0.115599,0.0155,,0.3332,-0.0925,0.5210,0.0898,0.862112,-0.1292,-0.5220,-0.0584,-2.2921,-0.2103,1.3526,1.5342,0.0606,-0.0060,0.0960,-0.0081,0.0584,-0.0040,0.0332,51.71,34.21
5.598,140,1,0.8673,0.590352,1.425655,0.000001,0.7143,0.3350,0.0585,0.5196,0.3350,0.0585,0.5196,-0.076852,-0.628958,0.762763,0.129225,0.0171,,0.3355,-0.0803,0.5209,0.1389,0.861305,-0.1169,-0.5231,-0.0395,-2.2937,-0.2033,1.3515,1.5381,0.1039,-0.0094,0.1598,-0.0139,0.0584,-0.0087,0.0326,78.10,56.35
5.626,141,1,0.9079,0.599546,1.403640,0.000001,0.7279,0.3350,0.0862,0.5196,0.3350,0.0862,0.5196,-0.067994,-0.622997,0.766728,0.139209,0.0178,,0.3375,-0.0669,0.5209,0.1531,0.901703,-0.1034,-0.5244,-0.0189,-2.2953,-0.1963,1.3504,1.5423,0.1129,-0.0107,0.1731,-0.0129,0.0585,-0.0096,0.0344,83.95,60.74
5.652,142,1,0.9055,0.604055,1.375967,0.000001,0.8974,0.3350,0.0993,0.5196,0.3350,0.0993,0.5196,-0.057600,-0.625489,0.765943,0.137030,0.0258,,0.3391,-0.0535,0.5209,0.1529,0.927345,-0.0900,-0.5257,0.0017,-2.2964,-0.1893,1.3495,1.5465,0.1120,-0.0111,0.1716,-0.0095,0.0585,-0.0075,0.0352,83.42,59.94
5.677,143,1,0.9262,0.615838,1.296576,0.000001,1.0967,0.3350,0.1229,0.5196,0.3350,0.1229,0.5196,0.563482,-0.520110,0.631164,0.116641,0.0351,,0.3406,-0.0401,0.5218,0.1631,1.757589,-0.0758,-0.5279,0.0216,-2.2961,-0.1823,1.3509,1.5493,0.1181,-0.0188,0.1667,0.0028,0.0585,0.0119,0.0234,85.46,57.96
5.717,144,1,0.9234,0.621604,1.222745,0.000001,1.1926,0.3350,0.1375,0.5196,0.3350,0.1375,0.5196,-0.485065,-0.559931,0.660025,0.124726,0.0397,,0.3413,-0.0248,0.5212,0.1625,1.100176,-0.0607,-0.5284,0.0456,-2.2977,-0.1753,1.3490,1.5538,0.1267,-0.0033,0.2011,-0.0141,0.0586,-0.0164,0.0376,93.71,69.71
5.739,145,1,0.8951,0.652165,1.185610,0.000001,1.2174,0.3350,0.1953,0.5196,0.3350,0.1953,0.5196,-0.116911,-0.643688,0.746551,0.121075,0.0400,,0.3419,-0.0065,0.5215,0.2019,0.946677,-0.0419,-0.5297,0.0740,-2.2975,-0.1683,1.3492,1.5582,0.1574,-0.0113,0.2392,0.0025,0.0587,0.0026,0.0371,113.46,82.72
5.767,146,1,0.9216,0.680316,1.192063,0.000001,1.2011,0.3350,0.2402,0.5196,0.3350,0.2402,0.5196,0.525862,-0.541514,0.647642,0.103885,0.0400,,0.3422,0.0140,0.5229,0.2263,1.765997,-0.0211,-0.5316,0.1057,-2.2951,-0.1613,1.3529,1.5617,0.1734,-0.0168,0.2890,0.0209,0.0586,0.0304,0.0289,122.68,86.22
5.812,147,1,0.9264,0.693708,1.182166,0.000001,1.1536,0.3350,0.2482,0.5196,0.3350,0.2482,0.5196,0.136825,-0.640112,0.747239,0.114754,0.0378,,0.3415,0.0334,0.5237,0.2150,1.218670,-0.0014,-0.5325,0.1355,-2.2929,-0.1542,1.3556,1.5663,0.1632,-0.0072,0.2438,0.0175,0.0588,0.0231,0.0385,116.73,83.52
5.863,148,1,0.9402,0.689142,1.169691,0.000001,1.1391,0.3350,0.2497,0.5196,0.3350,0.2497,0.5196,0.037691,-0.648595,0.749641,0.126265,0.0371,,0.3402,0.0512,0.5242,0.1986,1.149709,0.0166,-0.5329,0.1627,-2.2904,-0.1471,1.3586,1.5711,0.1498,-0.0027,0.2264,0.0210,0.0589,0.0249,0.0401,108.42,77.06
5.889,149,1,0.9496,0.710762,1.180458,0.000000,0.9942,0.3350,0.2499,0.5196,0.3350,0.2499,0.5196,0.045826,-0.653673,0.741888,0.142177,0.0303,,0.3385,0.0675,0.5247,0.1825,1.171122,0.0329,-0.5328,0.1873,-2.2875,-0.1400,1.3620,1.5760,0.1351,0.0009,0.2049,0.0241,0.0589,0.0283,0.0401,98.89,69.16
5.927,150,1,0.9307,0.723977,1.204588,0.000000,0.6895,0.3350,0.2500,0.5196,0.3350,0.2500,0.5196,-0.550666,-0.538321,0.625850,0.123650,0.0160,,0.3361,0.0832,0.5240,0.1669,1.279388,0.0481,-0.5314,0.2119,-2.2860,-0.1329,1.3631,1.5809,0.1267,0.0119,0.2050,0.0124,0.0590,0.0082,0.0415,94.57,68.89
5.970,151,1,0.9287,0.718356,1.151581,0.000000,0.6216,0.3350,0.2500,0.5196,0.3350,0.2500,0.5196,-0.174557,-0.642705,0.723631,0.181156,0.0128,,0.3338,0.0966,0.5241,0.1534,1.103594,0.0612,-0.5303,0.2324,-2.2830,-0.1258,1.3659,1.5860,0.1080,0.0086,0.1698,0.0253,0.0590,0.0241,0.0419,82.32,56.27
5.996,152,1,0.9200,0.727896,1.086024,-0.000001,0.5664,0.3350,0.2500,0.5196,0.3350,0.2500,0.5196,-0.221753,-0.642887,0.701733,0.212350,0.0102,,0.3315,0.1089,0.5239,0.1412,1.098035,0.0729,-0.5288,0.2510,-2.2803,-0.1187,1.3685,1.5908,0.0972,0.0131,0.1550,0.0227,0.0590,0.0212,0.0404,75.19,50.85
6.024,153,1,0.9540,0.728280,1.031538,-0.000001,0.5503,0.3350,0.2500,0.5588,0.3350,0.2500,0.5588,-0.237548,-0.619091,0.701682,0.260653,0.0094,,0.3293,0.1203,0.5291,0.1332,1.174034,0.0831,-0.5322,0.2667,-2.2688,-0.1116,1.3720,1.5957,0.0853,-0.0310,0.1306,0.0981,0.0590,0.0298,0.0410,85.25,56.11
6.050,154,0,,0.000000,0.000000,0.000000,1.0000,0.3350,0.2500,0.5588,0.3350,0.2500,0.5588,-0.237548,-0.619091,0.701682,0.260653,0.0094,,0.3271,0.1305,0.5332,0.1225,1.194253,0.0921,-0.5344,0.2809,-2.2592,-0.1045,1.3752,1.6007,0.0746,-0.0179,0.1175,0.0794,0.0590,0.0263,0.0411,74.63,49.53
6.076,155,1,0.9887,0.280024,0.326015,-0.000000,0.4065,0.3350,-0.1600,0.7399,0.3350,-0.1600,0.7399,-0.342372,-0.062833,0.048795,0.936191,0.0027,,0.3241,0.1112,0.5485,0.3321,2.676952,0.0699,-0.5544,0.2542,-2.2371,-0.1133,1.3190,1.5991,-0.1929,-0.1708,-0.2370,0.1877,-0.0963,-0.7805,-0.0131,174.85,87.00
6.137,156,0,,0.000000,0.000000,0.000000,1.0000,0.3350,-0.1600,0.7399,0.3350,-0.1600,0.7399,-0.342372,-0.062833,0.048795,0.936191,0.0027,,0.3123,0.0876,0.5621,0.3057,2.601577,0.0468,-0.5746,0.2257,-2.2146,-0.1259,1.2050,1.5970,-0.1931,-0.1696,-0.2381,0.1875,-0.1065,-1.0584,-0.0179,174.27,87.00
6.163,157,1,0.9876,0.274677,0.302698,-0.000000,0.5799,0.3350,-0.2338,0.7725,0.3350,-0.2338,0.7725,-0.221022,-0.020422,-0.009023,0.975013,0.0108,,0.2959,0.0646,0.5755,0.3596,2.670858,0.0236,-0.5948,0.1970,-2.1921,-0.1378,1.0748,1.5939,-0.1932,-0.1686,-0.2393,0.1881,-0.0895,-1.0826,-0.0257,173.66,87.00
6.213,158,1,0.9793,0.276334,0.288837,-0.000000,0.2750,0.3350,-0.2471,0.7783,0.3350,-0.2471,0.7783,-0.245894,0.004853,-0.063468,0.967204,0.0000,,0.2791,0.0436,0.5883,0.3518,2.655664,0.0004,-0.6102,0.1682,-2.1693,-0.1470,0.9499,1.5903,-0.1932,-0.1281,-0.2403,0.1892,-0.0648,-0.9821,-0.0298,165.24,87.00
6.240,159,0,,0.000000,0.000000,0.000000,1.0000,0.3350,-0.2471,0.7783,0.3350,-0.2471,0.7783,-0.245894,0.004853,-0.063468,0.967204,0.0000,,0.2747,0.0257,0.6006,0.3311,2.650813,-0.0227,-0.6206,0.1394,-2.1466,-0.1542,0.9203,1.5869,-0.1929,-0.0851,-0.2410,0.1900,-0.0598,-0.0492,-0.0283,158.23,87.00
6.266,160,1,0.9811,0.291805,0.325085,-0.000000,0.2990,0.3350,-0.2495,0.7794,0.3350,-0.2495,0.7794,-0.190465,0.041794,-0.029338,0.980365,0.0000,,0.2731,0.0082,0.6122,0.3133,2.725768,-0.0453,-0.6284,0.1104,-2.1238,-0.1614,0.9140,1.5840,-0.1883,-0.0645,-0.2422,0.1903,-0.0599,-0.0527,-0.0241,154.61,87.00
6.315,161,1,0.9939,0.301768,0.308743,-0.000000,0.2859,0.3350,-0.2499,0.7796,0.3350,-0.2499,0.7796,-0.178411,0.063986,-0.028856,0.981449,0.0000,,0.2711,-0.0092,0.6231,0.2942,2.783060,-0.0661,-0.6337,0.0812,-2.1009,-0.1686,0.9093,1.5814,-0.1725,-0.0444,-0.2434,0.1907,-0.0601,-0.0396,-0.0221,148.71,87.00
6.344,162,1,0.9936,0.302721,0.326545,-0.000000,0.1329,0.3350,-0.2500,0.7796,0.3350,-0.2500,0.7796,-0.173474,0.091696,-0.174067,0.964987,0.0000,,0.2688,-0.0263,0.6330,0.2755,2.976790,-0.0841,-0.6365,0.0519,-2.0779,-0.1772,0.9055,1.5772,-0.1502,-0.0226,-0.2447,0.1911,-0.0734,-0.0318,-0.0346,142.23,87.00
6.373,163,1,0.9926,0.308618,0.319844,-0.000000,0.1726,0.3350,-0.2500,0.7796,0.3350,-0.2500,0.7796,-0.155314,0.105775,-0.134462,0.972938,0.0000,,0.2661,-0.0434,0.6416,0.2578,2.984941,-0.1005,-0.6374,0.0224,-2.0565,-0.1872,0.9028,1.5738,-0.1361,-0.0065,-0.2460,0.1779,-0.0883,-0.0220,-0.0286,135.57,87.00
6.402,164,1,0.9947,0.310243,0.319779,-0.000000,0.2374,0.3350,-0.2500,0.7796,0.3350,-0.2500,0.7796,-0.163420,0.054140,-0.017940,0.984907,0.0000,,0.2632,-0.0602,0.6494,0.2411,2.796091,-0.1152,-0.6369,-0.0058,-2.0361,-0.1997,0.9020,1.5717,-0.1229,0.0039,-0.2359,0.1699,-0.1069,-0.0066,-0.0172,128.17,82.99
6.426,165,1,0.9934,0.310346,0.325790,-0.000000,0.1721,0.3350,-0.2500,0.7796,0.3350,-0.2500,0.7796,-0.178712,0.043666,-0.092603,0.978560,0.0000,,0.2604,-0.0755,0.6561,0.2264,2.858231,-0.1276,-0.6348,-0.0303,-2.0175,-0.2155,0.9020,1.5689,-0.1027,0.0184,-0.2030,0.1553,-0.1269,-0.0007,-0.0238,113.37,74.09
6.456,166,1,0.9866,0.309212,0.323687,-0.000000,0.1759,0.3350,-0.2500,0.7796,0.3350,-0.2500,0.7796,-0.182756,0.022656,-0.144636,0.972197,0.0000,,0.2579,-0.0891,0.6618,0.2138,2.886939,-0.1380,-0.6314,-0.0513,-2.0002,-0.2325,0.9026,1.5654,-0.0856,0.0293,-0.1748,0.1434,-0.1301,0.0049,-0.0290,101.43,69.81
6.486,167,1,0.9925,0.309999,0.317051,-0.000000,0.1984,0.3350,-0.2500,0.7796,0.3350,-0.2500,0.7796,-0.190020,0.039550,-0.044235,0.979986,0.0000,,0.2556,-0.1015,0.6667,0.2027,2.821213,-0.1473,-0.6270,-0.0700,-1.9840,-0.2484,0.9037,1.5633,-0.0777,0.0369,-0.1557,0.1346,-0.1199,0.0094,-0.0173,93.97,66.67
6.514,168,1,0.9957,0.313235,0.324745,-0.000000,0.2108,0.3350,-0.2500,0.7796,0.3350,-0.2500,0.7796,-0.178532,0.036667,-0.048352,0.982061,0.0000,,0.2537,-0.1125,0.6710,0.1932,2.831699,-0.1553,-0.6217,-0.0862,-1.9690,-0.2633,0.9051,1.5612,-0.0659,0.0445,-0.1347,0.1249,-0.1100,0.0119,-0.0178,85.77,63.16
6.544,169,1,0.9907,0.316006,0.327250,-0.000000,0.2217,0.3350,-0.2500,0.7796,0.3350,-0.2500,0.7796,-0.170609,0.022184,-0.095529,0.980446,0.0000,,0.2524,-0.1219,0.6746,0.1851,2.867027,-0.1617,-0.6157,-0.1000,-1.9551,-0.2769,0.9067,1.5584,-0.0536,0.0510,-0.1147,0.1155,-0.0979,0.0131,-0.0230,78.28,59.82
6.571,170,1,0.9880,0.315033,0.323027,-0.000000,0.1888,0.3350,-0.2500,0.7796,0.3350,-0.2500,0.7796,-0.197168,0.021240,-0.152698,0.968172,0.0000,,0.2516,-0.1300,0.6776,0.1782,2.928569,-0.1669,-0.6089,-0.1116,-1.9423,-0.2888,0.9082,1.5551,-0.0425,0.0568,-0.0956,0.1064,-0.0840,0.0125,-0.0277,71.74,56.59
6.599,171,1,0.9917,0.313254,0.315983,-0.000000,0.2668,0.3350,-0.2500,0.7796,0.3350,-0.2500,0.7796,-0.177801,0.053490,-0.086283,0.978816,0.0000,,0.2510,-0.1372,0.6802,0.1722,2.917945,-0.1717,-0.6018,-0.1220,-1.9301,-0.2981,0.9096,1.5528,-0.0398,0.0594,-0.0872,0.1013,-0.0654,0.0112,-0.0195,68.78,54.73
6.627,172,1,0.9925,0.312841,0.324897,-0.000000,0.2284,0.3350,-0.2500,0.7796,0.3350,-0.2500,0.7796,-0.168202,0.059923,-0.117936,0.976836,0.0000,,0.2509,-0.1434,0.6824,0.1670,2.969453,-0.1756,-0.5943,-0.1310,-1.9188,-0.3055,0.9107,1.5501,-0.0324,0.0628,-0.0747,0.0947,-0.0595,0.0094,-0.0224,64.71,52.39
6.659,173,1,0.9830,0.313559,0.317416,-0.000000,0.2609,0.3350,-0.2500,0.7796,0.3350,-0.2500,0.7796,-0.162556,0.048060,-0.101694,0.980267,0.0000,,0.2511,-0.1490,0.6844,0.1622,2.936157,-0.1789,-0.5868,-0.1389,-1.9078,-0.3120,0.9119,1.5475,-0.0279,0.0634,-0.0657,0.0913,-0.0545,0.0097,-0.0212,61.96,51.17
6.690,174,1,0.9924,0.311948,0.319853,-0.000000,0.2004,0.3350,-0.2500,0.7796,0.3350,-0.2500,0.7796,-0.175745,0.043789,-0.157822,0.970715,0.0000,,0.2516,-0.1537,0.6861,0.1581,2.992160,-0.1815,-0.5789,-0.1455,-1.8975,-0.3180,0.9128,1.5443,-0.0209,0.0656,-0.0542,0.0854,-0.0495,0.0075,-0.0266,58.55,49.10
6.726,175,1,0.9929,0.310328,0.317788,-0.000000,0.2447,0.3350,-0.2500,0.7796,0.3350,-0.2500,0.7796,-0.178477,0.061627,-0.116765,0.975046,0.0000,,0.2522,-0.1581,0.6876,0.1542,2.975546,-0.1839,-0.5711,-0.1515,-1.8876,-0.3239,0.9135,1.5418,-0.0200,0.0654,-0.0498,0.0829,-0.0489,0.0057,-0.0212,57.04,48.21
6.758,176,1,0.9915,0.310946,0.323924,-0.000000,0.2096,0.3350,-0.2500,0.7796,0.3350,-0.2500,0.7796,-0.167695,0.060888,-0.050836,0.982643,0.0000,,0.2528,-0.1623,0.6892,0.1504,2.903779,-0.1862,-0.5635,-0.1570,-1.8778,-0.3295,0.9142,1.5400,-0.0196,0.0641,-0.0462,0.0820,-0.0470,0.0061,-0.0150,55.93,47.87
6.792,177,1,0.9880,0.309827,0.324683,-0.000000,0.2146,0.3350,-0.2500,0.7796,0.3350,-0.2500,0.7796,-0.172821,0.071556,-0.081192,0.978990,0.0000,,0.2536,-0.1660,0.6905,0.1470,2.955201,-0.1881,-0.5556,-0.1617,-1.8685,-0.3348,0.9145,1.5379,-0.0155,0.0654,-0.0390,0.0773,-0.0437,0.0029,-0.0173,53.68,46.20
6.823,178,1,0.9913,0.313109,0.319998,-0.000000,0.2605,0.3350,-0.2500,0.7796,0.3350,-0.2500,0.7796,-0.183864,0.099980,-0.019825,0.977653,0.0000,,0.2544,-0.1696,0.6918,0.1438,2.929953,-0.1901,-0.5480,-0.1662,-1.8593,-0.3403,0.9147,1.5368,-0.0165,0.0643,-0.0370,0.0763,-0.0461,0.0014,-0.0092,52.97,45.84
6.850,179,1,0.9939,0.313947,0.328411,-0.000000,0.2346,0.3350,-0.2500,0.7796,0.3350,-0.2500,0.7796,-0.167647,0.085888,-0.024496,0.981793,0.0000,,0.2553,-0.1729,0.6930,0.1407,2.916153,-0.1917,-0.5403,-0.1700,-1.8504,-0.3452,0.9148,1.5355,-0.0135,0.0637,-0.0320,0.0739,-0.0410,0.0005,-0.0111,51.38,44.99
6.885,180,1,0.9908,0.314660,0.325505,-0.000000,0.2054,0.3350,-0.2500,0.7796,0.3350,-0.2500,0.7796,-0.171871,0.067204,-0.037341,0.982115,0.0000,,0.2563,-0.1757,0.6941,0.1379,2.899424,-0.1930,-0.5328,-0.1733,-1.8418,-0.3499,0.9147,1.5339,-0.0106,0.0630,-0.0269,0.0717,-0.0385,-0.0003,-0.0134,49.99,44.22
6.918,181,1,0.9934,0.315660,0.329527,-0.000000,0.2218,0.3350,-0.2500,0.7796,0.3350,-0.2500,0.7796,-0.160858,0.057253,-0.086309,0.981528,0.0000,,0.2576,-0.1781,0.6951,0.1353,2.942126,-0.1939,-0.5253,-0.1760,-1.8336,-0.3539,0.9144,1.5316,-0.0070,0.0629,-0.0222,0.0682,-0.0337,-0.0031,-0.0190,48.39,42.99
6.944,182,1,0.9915,0.313542,0.320842,-0.000000,0.1768,0.3350,-0.2500,0.7796,0.3350,-0.2500,0.7796,-0.184368,0.040112,-0.159005,0.969080,0.0000,,0.2591,-0.1800,0.6959,0.1329,2.993206,-0.1942,-0.5178,-0.1779,-1.8259,-0.3578,0.9138,1.5284,-0.0024,0.0630,-0.0154,0.0648,-0.0321,-0.0051,-0.0266,47.02,41.77
6.998,183,1,0.9903,0.313313,0.320731,-0.000000,0.2189,0.3350,-0.2500,0.7796,0.3350,-0.2500,0.7796,-0.191726,0.017195,-0.140341,0.971211,0.0000,,0.2605,-0.1819,0.6969,0.1305,2.932032,-0.1944,-0.5106,-0.1796,-1.8181,-0.3617,0.9132,1.5253,-0.0023,0.0603,-0.0142,0.0650,-0.0324,-0.0047,-0.0257,46.48,41.85
7.032,184,1,0.9850,0.310678,0.319545,-0.000000,0.2211,0.3350,-0.2500,0.7796,0.3350,-0.2500,0.7796,-0.189904,0.060190,-0.095651,0.975277,0.0000,,0.2617,-0.1838,0.6977,0.1283,2.947936,-0.1950,-0.5035,-0.1815,-1.8105,-0.3659,0.9121,1.5230,-0.0050,0.0594,-0.0161,0.0634,-0.0348,-0.0087,-0.0191,45.77,41.28
7.060,185,1,0.9902,0.310275,0.308865,-0.000000,0.2628,0.3350,-0.2500,0.7796,0.3350,-0.2500,0.7796,-0.197218,0.042631,-0.053744,0.977957,0.0000,,0.2629,-0.1858,0.6987,0.1260,2.868378,-0.1957,-0.4966,-0.1833,-1.8028,-0.3701,0.9112,1.5211,-0.0051,0.0570,-0.0147,0.0640,-0.0353,-0.0076,-0.0161,45.40,41.48
7.091,186,1,0.9930,0.311446,0.316036,-0.000000,0.2206,0.3350,-0.2500,0.7796,0.3350,-0.2500,0.7796,-0.194634,0.063880,-0.045338,0.977743,0.0000,,0.2640,-0.1876,0.6995,0.1239,2.892345,-0.1963,-0.4899,-0.1849,-1.7954,-0.3743,0.9100,1.5194,-0.0054,0.0567,-0.0142,0.0617,-0.0353,-0.0106,-0.0143,44.53,40.68
7.125,187,1,0.9917,0.310990,0.316551,-0.000000,0.1983,0.3350,-0.2500,0.7796,0.3350,-0.2500,0.7796,-0.197798,0.039718,-0.103703,0.973932,0.0000,,0.2653,-0.1891,0.7003,0.1219,2.919373,-0.1965,-0.4831,-0.1861,-1.7883,-0.3782,0.9085,1.5168,-0.0015,0.0564,-0.0092,0.0590,-0.0319,-0.0120,-0.0214,43.42,39.71
7.155,188,1,0.9946,0.308758,0.326363,-0.000000,0.1823,0.3350,-0.2500,0.7796,0.3350,-0.2500,0.7796,-0.166095,0.134450,-0.059917,0.975062,0.0000,,0.2662,-0.1910,0.7009,0.1200,3.026423,-0.1973,-0.4764,-0.1879,-1.7815,-0.3823,0.9061,1.5153,-0.0068,0.0563,-0.0151,0.0568,-0.0340,-0.0198,-0.0122,42.79,38.93
7.191,189,1,0.9806,0.310095,0.321076,-0.000000,0.2483,0.3350,-0.2500,0.7796,0.3350,-0.2500,0.7796,-0.194365,0.102894,-0.005393,0.975503,0.0000,,0.2672,-0.1927,0.7017,0.1181,2.902835,-0.1981,-0.4700,-0.1893,-1.7744,-0.3866,0.9042,1.5143,-0.0063,0.0533,-0.0123,0.0589,-0.0364,-0.0163,-0.0086,42.88,39.67
7.224,190,1,0.9930,0.308323,0.314058,-0.000000,0.1914,0.3350,-0.2500,0.7796,0.3350,-0.2500,0.7796,-0.205603,0.059022,-0.134064,0.967611,0.0000,,0.2685,-0.1938,0.7022,0.1165,2.977387,-0.1980,-0.4635,-0.1898,-1.7680,-0.3903,0.9020,1.5115,0.0010,0.0548,-0.0037,0.0537,-0.0305,-0.0183,-0.0236,41.29,37.82
7.255,191,1,0.9843,0.307195,0.311948,-0.000000,0.2954,0.3350,-0.2500,0.7796,0.3350,-0.2500,0.7796,-0.195614,0.052833,0.051334,0.977910,0.0000,,0.2693,-0.1955,0.7033,0.1145,2.752747,-0.1988,-0.4577,-0.1912,-1.7608,-0.3946,0.9003,1.5107,-0.0069,0.0480,-0.0119,0.0604,-0.0360,-0.0140,-0.0065,42.53,40.17
7.287,192,1,0.9908,0.306899,0.313564,0.000000,0.2308,0.3350,-0.2500,0.7796,0.3350,-0.2500,0.7796,-0.203306,0.073858,-0.068933,0.973889,0.0000,,0.2704,-0.1966,0.7038,0.1130,2.921266,-0.1990,-0.4514,-0.1919,-1.7545,-0.3985,0.8978,1.5087,-0.0014,0.0524,-0.0052,0.0524,-0.0321,-0.0206,-0.0168,40.32,37.36
7.334,193,1,0.9931,0.307547,0.323859,-0.000000,0.1864,0.3350,-0.2500,0.7796,0.3350,-0.2500,0.7796,-0.185720,0.095616,-0.071834,0.975298,0.0000,,0.2714,-0.1978,0.7043,0.1115,2.961165,-0.1993,-0.4453,-0.1927,-1.7483,-0.4023,0.8950,1.5068,-0.0026,0.0511,-0.0068,0.0515,-0.0315,-0.0239,-0.0161,39.82,37.05
7.365,194,1,0.9876,0.307126,0.326961,-0.000000,0.1694,0.3350,-0.2500,0.7796,0.3350,-0.2500,0.7796,-0.171849,0.107937,-0.140166,0.969108,0.0000,,0.2726,-0.1988,0.7046,0.1102,3.061714,-0.1993,-0.4391,-0.1932,-1.7425,-0.4056,0.8916,1.5040,-0.0001,0.0519,-0.0040,0.0479,-0.0280,-0.0282,-0.0226,38.79,35.76
7.398,195,1,0.9895,0.306614,0.309456,-0.000000,0.2994,0.3350,-0.2500,0.7796,0.3350,-0.2500,0.7796,-0.203120,0.076250,-0.048501,0.974975,0.0000,,0.2735,-0.1999,0.7053,0.1087,2.890975,-0.1996,-0.4334,-0.1938,-1.7363,-0.4096,0.8887,1.5023,-0.0028,0.0473,-0.0055,0.0522,-0.0333,-0.0239,-0.0148,39.50,37.27
7.432,196,1,0.9911,0.305609,0.318635,-0.000000,0.2426,0.3350,-0.2500,0.7796,0.3350,-0.2500,0.7796,-0.199672,0.049678,-0.006209,0.978583,0.0000,,0.2743,-0.2010,0.7061,0.1072,2.797815,-0.2000,-0.4280,-0.1945,-1.7299,-0.4135,0.8861,1.5007,-0.0030,0.0453,-0.0054,0.0528,-0.0324,-0.0220,-0.0129,39.36,37.48
7.464,197,1,0.9910,0.306473,0.320629,-0.000000,0.2229,0.3350,-0.2500,0.7796,0.3350,-0.2500,0.7796,-0.188066,0.072675,-0.079426,0.976238,0.0000,,0.2752,-0.2019,0.7065,0.1059,2.920399,-0.2001,-0.4224,-0.1949,-1.7242,-0.4171,0.8828,1.4985,-0.0008,0.0473,-0.0031,0.0479,-0.0294,-0.0273,-0.0188,37.98,35.73
7.491,198,1,0.9912,0.310241,0.321258,-0.000000,0.1696,0.3350,-0.2500,0.7796,0.3350,-0.2500,0.7796,-0.184608,0.096584,-0.057824,0.976344,0.0000,,0.2760,-0.2030,0.7070,0.1047,2.930416,-0.2004,-0.4169,-0.1955,-1.7185,-0.4208,0.8793,1.4966,-0.0027,0.0460,-0.0050,0.0477,-0.0311,-0.0295,-0.0154,37.78,35.66
7.525,199,1,0.9888,0.308259,0.326258,-0.000000,0.1891,0.3350,-0.2500,0.7796,0.3350,-0.2500,0.7796,-0.174725,0.096155,-0.100995,0.974692,0.0000,,0.2769,-0.2038,0.7074,0.1036,2.979510,-0.2005,-0.4113,-0.1958,-1.7130,-0.4242,0.8754,1.4942,-0.0007,0.0463,-0.0028,0.0453,-0.0282,-0.0319,-0.0201,37.01,34.79
7.558,200,1,0.9918,0.306907,0.316533,-0.000000,0.2859,0.3350,-0.2500,0.7796,0.3350,-0.2500,0.7796,-0.197154,0.070577,0.019720,0.977630,0.0000,,0.2775,-0.2049,0.7081,0.1022,2.787570,-0.2010,-0.4063,-0.1965,-1.7070,-0.4282,0.8722,1.4930,-0.0044,0.0415,-0.0058,0.0503,-0.0336,-0.0269,-0.0097,38.13,36.55
7.592,201,1,0.9860,0.306730,0.316212,-0.000000,0.1708,0.3350,-0.2500,0.7796,0.3350,-0.2500,0.7796,-0.201742,0.084114,-0.089537,0.971704,0.0000,,0.2784,-0.2056,0.7085,0.1012,2.931973,-0.2010,-0.4010,-0.1966,-1.7017,-0.4318,0.8683,1.4907,0.0001,0.0451,-0.0004,0.0437,-0.0301,-0.0321,-0.0193,36.37,34.22
7.624,202,1,0.9946,0.305371,0.310687,-0.000000,0.2389,0.3350,-0.2500,0.7796,0.3350,-0.2500,0.7796,-0.202635,0.041160,-0.035505,0.977744,0.0000,,0.2791,-0.2063,0.7091,0.1000,2.796407,-0.2011,-0.3961,-0.1968,-1.6961,-0.4355,0.8649,1.4887,-0.0012,0.0410,-0.0017,0.0471,-0.0306,-0.0284,-0.0167,36.94,35.39
7.651,203,1,0.9879,0.311650,0.311779,-0.000000,0.2513,0.3350,-0.2500,0.7796,0.3350,-0.2500,0.7796,-0.185315,0.048972,-0.046635,0.980350,0.0000,,0.2799,-0.2070,0.7096,0.0989,2.823729,-0.2013,-0.3911,-0.1970,-1.6907,-0.4389,0.8612,1.4865,-0.0010,0.0413,-0.0019,0.0449,-0.0285,-0.0307,-0.0180,36.21,34.61
7.698,204,1,0.9890,0.313203,0.318752,-0.000000,0.2576,0.3350,-0.2500,0.7796,0.3350,-0.2500,0.7796,-0.185140,0.103488,-0.039581,0.976446,0.0000,,0.2804,-0.2079,0.7100,0.0980,2.897741,-0.2016,-0.3861,-0.1975,-1.6856,-0.4427,0.8570,1.4848,-0.0031,0.0418,-0.0039,0.0429,-0.0313,-0.0353,-0.0141,35.73,33.92
7.727,205,1,0.9933,0.312411,0.325506,-0.000000,0.2088,0.3350,-0.2500,0.7796,0.3350,-0.2500,0.7796,-0.184980,0.090805,-0.085143,0.974827,0.0000,,0.2812,-0.2085,0.7103,0.0971,2.926819,-0.2017,-0.3811,-0.1976,-1.6807,-0.4461,0.8526,1.4825,-0.0005,0.0420,-0.0008,0.0410,-0.0288,-0.0364,-0.0194,35.13,33.23
7.766,206,1,0.9929,0.310024,0.319991,-0.000000,0.2106,0.3350,-0.2500,0.7796,0.3350,-0.2500,0.7796,-0.187641,0.080831,-0.104280,0.973336,0.0000,,0.2819,-0.2091,0.7105,0.0962,2.928284,-0.2017,-0.3762,-0.1976,-1.6758,-0.4495,0.8482,1.4799,0.0003,0.0412,0.0002,0.0403,-0.0282,-0.0369,-0.0218,34.88,32.97
7.799,207,1,0.9932,0.307773,0.311050,-0.000000,0.2337,0.3350,-0.2500,0.7796,0.3350,-0.2500,0.7796,-0.210166,0.047273,-0.080764,0.973177,0.0000,,0.2827,-0.2095,0.7110,0.0953,2.836073,-0.2016,-0.3715,-0.1975,-1.6708,-0.4531,0.8441,1.4774,0.0005,0.0390,0.0010,0.0418,-0.0299,-0.0341,-0.0209,35.17,33.48
7.832,208,1,0.9927,0.306799,0.318447,-0.000000,0.1846,0.3350,-0.2500,0.7796,0.3350,-0.2500,0.7796,-0.180748,0.058343,-0.166637,0.967553,0.0000,,0.2835,-0.2098,0.7111,0.0946,2.961308,-0.2013,-0.3667,-0.1971,-1.6663,-0.4561,0.8395,1.4739,0.0030,0.0407,0.0030,0.0374,-0.0246,-0.0384,-0.0295,34.10,31.93
7.865,209,1,0.9911,0.302524,0.310662,-0.000000,0.1899,0.3350,-0.2500,0.7796,0.3350,-0.2500,0.7796,-0.207454,0.062416,-0.162229,0.962678,0.0000,,0.2843,-0.2101,0.7114,0.0939,2.948648,-0.2010,-0.3620,-0.1968,-1.6618,-0.4595,0.8349,1.4705,0.0022,0.0394,0.0027,0.0377,-0.0285,-0.0387,-0.0279,34.16,32.04
7.894,210,1,0.9920,0.303348,0.320337,-0.000000,0.2242,0.3350,-0.2500,0.7796,0.3350,-0.2500,0.7796,-0.173348,0.053284,-0.078878,0.980250,0.0000,,0.2848,-0.2107,0.7118,0.0931,2.840365,-0.2012,-0.3576,-0.1970,-1.6569,-0.4628,0.8303,1.4679,-0.0015,0.0360,-0.0022,0.0406,-0.0276,-0.0379,-0.0217,34.57,33.02
