t,pos_err_norm,rot_err_norm,tau_norm,target_x,target_y,target_z,actual_x,actual_y,actual_z
0.0,0.0,0.0,22.74721268125129,0.33497148912790786,0.0,0.6396144071944123,0.33497148912790786,0.0,0.6396144071944123
0.002,0.00012566363734379965,3.462775267218417e-12,22.753234826477833,0.335072019986988,-1.2633086983460107e-07,0.6396898053387224,0.3349714891279293,1.5911857837177379e-12,0.6396144071943984
0.004,0.00025131962293998807,2.8497692914949937e-08,22.759134111518414,0.3351725502110606,-5.053226813725442e-07,0.6397652030067769,0.3349714927745437,1.396518562482138e-11,0.6396144143973569
0.006,0.00037696436618222997,9.782803506080331e-08,22.76497364478764,0.33527307916512217,-1.1369730406815548e-06,0.639840599722323,0.334971501180418,1.2847144800166825e-11,0.6396144326164565
0.008,0.0005025959688213578,2.1429064369358986e-07,22.770779461821974,0.3353736062141771,-2.0212779579253937e-06,0.6399159950091142,0.33497151456823077,-5.5283942343961554e-11,0.6396144640309469
0.01,0.0006282132781681579,3.815292060676313e-07,22.776563914161184,0.33547413072324195,-3.158231847356918e-06,0.6399913883909129,0.3349715328635526,-2.587611287619333e-10,0.6396145099735042
0.012,0.0007538154874909567,6.018349777453773e-07,22.782333596004214,0.3355746520573493,-4.547827527345838e-06,0.6400667793914935,0.33497155591349237,-6.718617441481023e-10,0.6396145713046336
0.014,0.000879401959815291,8.767265689946663e-07,22.78809237353456,0.33567516958155186,-6.190056220461981e-06,0.6401421675346453,0.3349715835646624,-1.3707621021727416e-09,0.6396146486023434
0.016,0.00100497214689702,1.2072423978734007e-06,22.793842678281194,0.33577568266092617,-8.084907553482235e-06,0.640217552344176,0.3349716156872346,-2.4320251056913856e-09,0.6396147422650909
0.018000000000000002,0.0011305255501539468,1.594104467324129e-06,22.799586116851163,0.33587619066057706,-1.0232369557508503e-05,0.6402929333439142,0.3349716521788173,-3.93218072124923e-09,0.6396148525717082
0.02,0.00125606170072931,2.0378179939892012e-06,22.805323785627753,0.33597669294564136,-1.2632428668002404e-05,0.6403683100577124,0.3349716929614706,-5.947696151705381e-09,0.6396149797185955
0.022,0.001381580148630962,2.5387358880831427e-06,22.81105644731194,0.336077188881292,-1.5285069724882416e-05,0.6404436820094505,0.33497173797702945,-8.555046979397573e-09,0.6396151238440477
0.024,0.0015070804563981843,3.0971023489558466e-06,22.816784637518708,0.3361776778327421,-1.8190275972621017e-05,0.640519048723038,0.3349717871826059,-1.1830785846971957e-08,0.6396152850448001
0.026000000000000002,0.0016325621951699457,3.7130832207855106e-06,22.82250873312665,0.33627815916524884,-2.134802906036959e-05,0.640594409722418,0.334971840546834,-1.585158212894817e-08,0.639615463387584
0.028,0.0017580249421131977,4.386787533211727e-06,22.828228998126235,0.33637863224411735,-2.4758309042034743e-05,0.6406697645315694,0.3349718980469206,-2.0694235237785437e-08,0.6396156589173433
0.03,0.001883468278673492,5.1182829696159845e-06,22.833945615358243,0.33647909643470525,-2.8421094376430978e-05,0.6407451126745104,0.3349719596664025,-2.643566773181084e-08,0.6396158716631422
0.032,0.0020088917893554435,5.907607048927955e-06,22.839658708946956,0.336579551102426,-3.2336361927426394e-05,0.6408204536753009,0.3349720253934669,-3.3152911095792565e-08,0.6396161016424374
0.034,0.0021342950608568855,6.754775256107974e-06,22.845368360366248,0.33667999561275336,-3.650408696405372e-05,0.6408957870580464,0.33497209521970683,-4.092308368280267e-08,0.6396163488641857
0.036000000000000004,0.0022596776814453943,7.659786959740761e-06,22.851074620041008,0.33678042933122515,-4.092424316069765e-05,0.6409711123469003,0.33497216913920486,-4.982336921607395e-08,0.6396166133311074
0.038,0.002385039240511572,8.62262973050279e-06,22.85677751576625,0.33688085162344755,-4.55968025972614e-05,0.641046429066067,0.3349722471478574,-5.993099642193962e-08,0.6396168950413366
0.04,0.0025103793282408287,9.643282494735448e-06,22.862477058835726,0.33698126185509863,-5.0521735759298525e-05,0.6411217367398054,0.33497232924288334,-7.132322115930971e-08,0.639617193989628
0.042,0.002635697535379587,1.072171783948075e-05,22.868173248510367,0.3370816593919329,-5.569901153827661e-05,0.6411970348924311,0.334972415422459,-8.407731121814248e-08,0.6396175101682388
0.044,0.0027609934530628357,1.185790369572646e-05,22.87386607528131,0.33718204359978493,-6.112859723168829e-05,0.6412723230483202,0.33497250568545567,-9.827053265081635e-08,0.6396178435675709
0.046,0.0028862666726905536,1.3051804569301e-05,22.879555523252794,0.3372824138445735,-6.681045854333573e-05,0.6413476007319115,0.334972600031244,-1.139801403683354e-07,0.6396181941766432
0.048,0.003011516785836667,1.430338244292568e-05,22.885241571883824,0.3373827694923056,-7.274455958349024e-05,0.6414228674677106,0.33497269845955313,-1.3128336963610288e-07,0.6396185619834367
0.05,0.003136743384185677,1.5612597433678465e-05,22.890924197261295,0.33748310990908037,-7.893086286913514e-05,0.6414981227802917,0.3349728009703661,-1.5025742839611465e-07,0.6396189469751447
0.052000000000000005,0.0032619460594848944,1.697940827188577e-05,22.89660337303094,0.3375834344610933,-8.536932932422941e-05,0.6415733661943014,0.3349729075638457,-1.7097949284935477e-07,0.6396193491383569
0.054,0.003387124403512569,1.8403772658507962e-05,22.902279071077402,0.3376837425146399,-9.205991827991589e-05,0.6416485972344613,0.3349730182402765,-1.9352670331412714e-07,0.6396197684591957
0.056,0.0035122780080533637,1.9885647518970473e-05,22.907951262021868,0.33778403343612,-9.900258747479185e-05,0.6417238154255714,0.3349731330000256,-2.1797616045794756e-07,0.639620204923414
0.058,0.003637406464882393,2.1424989191274963e-05,22.913619915586207,0.3378843065920417,-0.00010619729305519354,0.6417990202925127,0.3349732518435137,-2.4440492259255895e-07,0.639620658516467
0.06,0.0037625093657542024,2.3021753566298956e-05,22.919285000858647,0.33798456134902516,-0.00011364398957544597,0.6418742113602502,0.3349733747711923,-2.7289000371503336e-07,0.6396211292235652
0.062,0.003887586302397533,2.4675896184773354e-05,22.924946486488466,0.3380847970738069,-0.00012134262999816126,0.6419493881538366,0.3349735017835273,-3.035083722304768e-07,0.6396216170297119
0.064,0.004012636866507218,2.6387372315545954e-05,22.93060434082804,0.3381850131332436,-0.00012929316569455784,0.6420245501984141,0.3349736328809891,-3.363369488847429e-07,0.6396221219197339
0.066,0.004137660649745699,2.8156137005451068e-05,22.93625853203711,0.3382852088943162,-0.00013749554644471723,0.6420996970192185,0.33497376806404217,-3.714526057523543e-07,0.6396226438782995
0.068,0.004262657243738351,2.9982145121446515e-05,22.941909028158605,0.33838538372413374,-0.00014594972043795174,0.6421748281415818,0.33497390733314136,-4.089321655971215e-07,0.6396231828899361
0.07,0.004387626240078011,3.186535137876093e-05,22.947555797174264,0.3384855369899376,-0.00015465563427310286,0.6422499430909346,0.3349740506887239,-4.4885240021398225e-07,0.639623738939039
0.07200000000000001,0.004512567230322776,3.380571036096873e-05,22.953198807045457,0.3385856680591053,-0.0001636132329588813,0.6423250413928104,0.33497419813120904,-4.912900309935072e-07,0.6396243120098808
0.074,0.004637479805997991,3.580317653787192e-05,22.958838025742615,0.3386857762991546,-0.00017282245991423473,0.6424001225728474,0.33497434966099493,-5.363217266275282e-07,0.6396249020866182
0.076,0.004762363558599962,3.7857704274220885e-05,22.96447342126726,0.3387858610777474,-0.00018228325696867387,0.642475186156792,0.33497450527845596,-5.840241039766963e-07,0.6396255091532941
0.078,0.004887218079597642,3.996924783793856e-05,22.970104961667726,0.33888592176269394,-0.00019199556436266113,0.6425502316705018,0.3349746649839418,-6.3447372639699e-07,0.6396261331938424
0.08,0.005012042960433236,4.2137761411474784e-05,22.975732615050564,0.33898595772195644,-0.00020195932074799222,0.6426252586399488,0.3349748287777774,-6.877471038514506e-07,0.6396267741920918
0.082,0.005136837792528919,4.4363199088643956e-05,22.981356349589294,0.3390859683236535,-0.0002121744631881639,0.6427002665912216,0.3349749966602601,-7.439206917655626e-07,0.6396274321317641
0.084,0.005261602167285863,4.6645514883769767e-05,22.98697613353055,0.3391859529360638,-0.00022264092715877648,0.6427752550505292,0.3349751686316622,-8.030708914367875e-07,0.6396281069964779
0.08600000000000001,0.005386335676089428,4.898466273012576e-05,22.992591935198547,0.3392859109276301,-0.0002333586465479709,0.6428502235442041,0.3349753446922282,-8.652740484984429e-07,0.6396287987697493
0.088,0.00551103791031128,5.1380596486492306e-05,22.998203722998063,0.3393858416669635,-0.0002443275536567896,0.6429251715987041,0.33497552484217513,-9.306064532035249e-07,0.6396295074349931
0.09,0.005635708461313853,5.383326993262151e-05,23.00381146541749,0.33948574452284713,-0.00025554757919966226,0.6430000987406168,0.3349757090816925,-9.991443394919797e-07,0.6396302329755211
0.092,0.005760346920450734,5.6342636775021516e-05,23.009415131029904,0.3395856188642402,-0.0002670186523048082,0.6430750044966616,0.33497589741094286,-1.0709638847775666e-06,0.6396309753745459
0.094,0.005884952879073277,5.890865064634743e-05,23.015014688494603,0.3396854640602821,-0.00027874070051470135,0.643149888393693,0.3349760898300597,-1.146141209426285e-06,0.6396317346151787
0.096,0.006009525928530293,6.153126510377336e-05,23.020610106558163,0.3397852794802963,-0.0002907136497865073,0.6432247499587037,0.33497628633915033,-1.2247523760764087e-06,0.639632510680431
0.098,0.006134065660175408,6.421043363337286e-05,23.026201354054713,0.3398850644937944,-0.0003029374244925692,0.6432995887188272,0.334976486938292,-1.3068733895168636e-06,0.639633303553213
0.1,0.006258571665365432,6.694610964704981e-05,23.031788399906635,0.33998481847048,-0.00031541194742088635,0.6433744042013414,0.3349766916275358,-1.3925801959475902e-06,0.6396341132163371
0.10200000000000001,0.006383043535467336,6.97382464854012e-05,23.03737121312485,0.3400845407802528,-0.00032813713977559306,0.643449195933671,0.33497690040690403,-1.4819486825334818e-06,0.6396349396525146
0.10400000000000001,0.006507480861859332,7.258679741557015e-05,23.042949762809055,0.3401842307932124,-0.0003411129211774583,0.6435239634433908,0.3349771132763914,-1.5750546771685943e-06,0.6396357828443582
0.106,0.006631883235935586,7.549171563338563e-05,23.04852401814771,0.3402838878796626,-0.00035433920966439214,0.6435987062582283,0.33497733023596404,-1.671973948089707e-06,0.6396366427743806
0.108,0.006756250249108309,7.845295426250674e-05,23.05409394841832,0.3403835114101151,-0.0003678159216919663,0.6436734239060677,0.3349775512855605,-1.7727822026558314e-06,0.639637519424996
0.11,0.006880581492811171,8.147046635409502e-05,23.05965952298735,0.34048310075529337,-0.00038154297213395527,0.6437481159149514,0.33497777642509113,-1.8775550877431963e-06,0.6396384127785195
0.112,0.007004876558503607,8.454420489029636e-05,23.065220711310232,0.3405826552861371,-0.000395520274282829,0.6438227818130843,0.33497800565443797,-1.9863681891159832e-06,0.6396393228171668
0.114,0.007129135037671886,8.767412277813704e-05,23.070777482931554,0.3406821743738058,-0.0004097477398503635,0.6438974211288357,0.3349782389734558,-2.0992970304535946e-06,0.6396402495230555
0.116,0.007253356521835192,9.086017285553874e-05,23.076329807484697,0.3407816573896828,-0.00042422527896815443,0.6439720333907435,0.33497847638197004,-2.2164170737069863e-06,0.639641192878204
0.11800000000000001,0.007377540602545737,9.410230788905852e-05,23.08187765469208,0.3408811037053792,-0.00043895280018818594,0.6440466181275158,0.3349787178797792,-2.337803717872564e-06,0.6396421528645329
0.12,0.0075016868713947,9.740048057281013e-05,23.0874209943651,0.34098051269273816,-0.00045393021048343446,0.644121174868035,0.33497896346665335,-2.463532299109823e-06,0.639643129463863
0.122,0.007625794920014053,0.00010075464353172427,23.092959796403804,0.3410798837238384,-0.0004691574152484515,0.6441957031413602,0.33497921314233403,-2.5936780896932125e-06,0.6396441226579185
0.124,0.007749864340079145,0.000104164749317429,23.0984940307972,0.3411792161709985,-0.0004846343182999119,0.6442702024767303,0.3349794669065359,-2.728316298445292e-06,0.6396451324283244
0.126,0.00787389472331466,0.00010763075041302096,23.104023667622858,0.3412785094067808,-0.0005003608218773006,0.644344672403567,0.3349797247589437,-2.86752206909744e-06,0.6396461587566079
0.128,0.00799788566149405,0.00011115259922903453,23.10954867704718,0.3413777628039951,-0.0005163368266434612,0.6444191124514778,0.33497998669921614,-3.011370481161379e-06,0.6396472016241983
0.13,0.008121836746445572,0.00011473024810572456,23.115069029325035,0.3414769757357032,-0.0005325622316852754,0.6444935221502588,0.334980252726983,-3.1599365481282916e-06,0.639648261012427
0.132,0.008245747570055658,0.00011836364931474896,23.120584694799632,0.3415761475752222,-0.0005490369345142673,0.644567901029898,0.33498052284184476,-3.3132952183875065e-06,0.6396493369025279
0.134,0.008369617724269392,0.0001220527550531776,23.126095643903,0.3416752776961288,-0.0005657608310672552,0.6446422486205781,0.334980797043376,-3.4715213734987165e-06,0.6396504292756371
0.136,0.008493446801096377,0.00012579751745197946,23.131601847155142,0.3417743654722634,-0.0005827338157070108,0.644716564452679,0.33498107533112215,-3.634689828412152e-06,0.6396515381127935
0.138,0.00861723439261344,0.00012959788856891833,23.13710327516455,0.3418734102777337,-0.0005999557812229536,0.6447908480567817,0.3349813577046004,-3.802875331184198e-06,0.6396526633949382
0.14,0.008740980090967609,0.00013345382039282958,23.142599898627772,0.3419724114869189,-0.0006174266188317887,0.6448650989636706,0.3349816441632997,-3.976152562186753e-06,0.6396538051029156
0.14200000000000002,0.008864683488378015,0.00013736526484158394,23.148091688329647,0.3420713684744735,-0.0006351462181781939,0.6449393167043366,0.33498193470668236,-4.154596133262529e-06,0.6396549632174724
0.14400000000000002,0.008988344177141649,0.00014133217376429403,23.15357861514281,0.34217028061533145,-0.0006531144673355693,0.64501350080998,0.33498222933418115,-4.338280588400506e-06,0.639656137719259
0.146,0.00911196174963512,0.0001453544989391225,23.159060650027886,0.34226914728470986,-0.0006713312528066756,0.6450876508120138,0.33498252804520096,-4.5272804020875736e-06,0.6396573285888287
0.148,0.00923553579831754,0.00014943219207410157,23.164537764033533,0.34236796785811313,-0.0006897964595243972,0.6451617662420663,0.3349828308391196,-4.721669980036011e-06,0.6396585358066378
0.15,0.009359065915734651,0.00015356520480817057,23.17000992829589,0.34246674171133684,-0.00070850997085245,0.6452358466319841,0.33498313771528593,-4.921523657277884e-06,0.6396597593530464
0.152,0.009482551694522036,0.00015775348871172683,23.175477114038856,0.3425654682204716,-0.0007274716685861382,0.6453098915138351,0.33498344867302066,-5.126915699032257e-06,0.639660999208318
0.154,0.009605992727407536,0.0001619969952826645,23.180939292574084,0.34266414676190715,-0.0007466814329530613,0.6453839004199118,0.33498376371161737,-5.337920299644893e-06,0.6396622553526191
0.156,0.009729388607215067,0.00016629567595219754,23.18639643530036,0.34276277671233624,-0.0007661391426139058,0.6454578728827336,0.3349840828303405,-5.554611582369859e-06,0.6396635277660216
0.158,0.009852738926867758,0.00017064948208084802,23.1918485137043,0.3428613574487584,-0.000785844674663215,0.6455318084350502,0.33498440602842783,-5.777063598507757e-06,0.639664816428499
0.16,0.009976043279391418,0.00017505836495981244,23.197295499359317,0.3429598883484841,-0.0008057979046301247,0.6456057066098445,0.3349847333050872,-6.005350327499505e-06,0.6396661213199313
0.162,0.010099301257917893,0.00017952227581120603,23.202737363926428,0.3430583687891388,-0.0008259987064792029,0.6456795669403356,0.3349850646594999,-6.2395456761221475e-06,0.6396674424201001
0.164,0.010222512455686391,0.0001840411657887461,23.208174079153512,0.34315679814866634,-0.000846446952611192,0.6457533889599812,0.33498540009081895,-6.47972347796429e-06,0.6396687797086937
0.166,0.01034567646604957,0.00018861498597660568,23.213605616875515,0.3432551758053335,-0.0008671425138638625,0.6458271722024815,0.33498573959816913,-6.725957493802977e-06,0.6396701331653034
0.168,0.01046879288247563,0.000193243687390023,23.219031949014298,0.3433535011377335,-0.0008880852595128108,0.6459009162017816,0.3349860831806468,-6.978321409597301e-06,0.6396715027694252
0.17,0.010591861298550121,0.00019792722097525763,23.22445304757855,0.34345177352479006,-0.0009092750572722574,0.645974620492074,0.33498643083732144,-7.236888837726984e-06,0.6396728885004599
0.17200000000000001,0.010714881307981748,0.0002026655376100024,23.229868884663514,0.3435499923457614,-0.000930711773295935,0.6460482846078025,0.3349867825672329,-7.5017333155208706e-06,0.6396742903377133
0.17400000000000002,0.010837852504603214,0.00020745858810367957,23.23527943245117,0.3436481569802441,-0.000952395272177893,0.6461219080836644,0.33498713836939453,-7.772928304811572e-06,0.6396757082603959
0.176,0.010960774482376484,0.00021230632319615077,23.240684663209947,0.3437462668081769,-0.0009743254169533588,0.6461954904546141,0.3349874982427906,-8.050547192122187e-06,0.639677142247623
0.178,0.011083646835393798,0.00021720869356104875,23.246084549294565,0.34384432120984487,-0.000996502069099632,0.6462690312558651,0.33498786218637816,-8.334663287750162e-06,0.639678592278416
0.18,0.011206469157883451,0.000222165649800214,23.25147906314613,0.3439423195658831,-0.0010189250885369178,0.6463425300228938,0.33498823019908536,-8.625349825367392e-06,0.6396800583317005
0.182,0.011329241044210231,0.00022717714245119947,23.25686817729177,0.3440402612572807,-0.0010415943336292283,0.6464159862914419,0.33498860227981325,-8.92267996162362e-06,0.639681540386309
0.184,0.011451962088881723,0.00023224312197977717,23.26225186434494,0.34413814566538475,-0.001064509661185313,0.6464893995975199,0.33498897842743447,-9.22672677585074e-06,0.6396830384209774
0.186,0.011574631886548796,0.00023736353878648427,23.267630097004712,0.3442359721719041,-0.0010876709264594914,0.6465627694774095,0.3349893586407934,-9.53756326936488e-06,0.6396845524143496
0.188,0.011697250032010158,0.00024253834320126451,23.273002848056237,0.3443337401589134,-0.0011110779831526307,0.6466360954676664,0.33498974291870703,-9.855262365276846e-06,0.6396860823449738
0.19,0.011819816120215721,0.00024776748548875605,23.278370090370174,0.34443144900885686,-0.001134730683413042,0.6467093771051241,0.33499013125996363,-1.0179896907726891e-05,0.6396876281913053
0.192,0.011942329746268411,0.0002530509158452879,23.28373179690286,0.3445290981045523,-0.0011586288778374088,0.6467826139268956,0.3349905236633243,-1.0511539661589877e-05,0.6396891899317054
0.194,0.012064790505430342,0.00025838858439713395,23.28908794069628,0.34462668682919495,-0.0011827724154717528,0.6468558054703776,0.3349909201275212,-1.0850263312689442e-05,0.6396907675444405
0.196,0.012187197993121892,0.00026378044120580147,23.294438494877653,0.3447242145663614,-0.001207161143812363,0.6469289512732525,0.3349913206512599,-1.1196140465779527e-05,0.639692361007685
0.198,0.012309551804929297,0.00026922643626437425,23.299783432659407,0.34482168070001346,-0.0012317949088067812,0.6470020508734915,0.33499172523321635,-1.1549243646060872e-05,0.6396939702995186
0.2,0.012431851536604598,0.00027472651949818306,23.30512272733914,0.34491908461450205,-0.0012566735548547592,0.647075103809358,0.33499213387203913,-1.1909645297160713e-05,0.6396955953979286
0.202,0.012554096784069851,0.00028028064076451897,23.31045635229967,0.34501642569457114,-0.0012817969248092378,0.6471481096194097,0.33499254656634997,-1.2277417781515952e-05,0.6396972362808083
0.20400000000000001,0.012676287143421264,0.0002858887498561242,23.315784281008273,0.3451137033253615,-0.0013071648599773666,0.6472210678425026,0.3349929633147406,-1.2652633379490752e-05,0.6396988929259593
0.20600000000000002,0.012798422210930466,0.0002915507964960302,23.32110648701751,0.3452109168924148,-0.0013327772001214822,0.6472939780177925,0.33499338411577706,-1.3035364289543114e-05,0.639700565311089
0.20800000000000002,0.01292050158305074,0.00029726673034100883,23.326422943964204,0.3453080657816773,-0.0013586337834601211,0.6473668396847394,0.33499380896799513,-1.3425682627115322e-05,0.6397022534138125
0.21,0.01304252485641667,0.0003030365009814452,23.33173362556991,0.34540514937950373,-0.0013847344466690475,0.6474396523831092,0.3349942378699045,-1.3823660424580713e-05,0.6397039572116524
0.212,0.013164491627849951,0.0003088600579399657,23.337038505640578,0.34550216707266146,-0.0014110790248822863,0.6475124156529776,0.334994670819986,-1.4229369630840442e-05,0.6397056766820393
0.214,0.01328640149436181,0.00031473735067380395,23.342337558066347,0.34559911824833395,-0.0014376673516931712,0.6475851290347319,0.33499510781669267,-1.4642882110608074e-05,0.6397074118023103
0.216,0.013408254053155877,0.00032066832857200324,23.347630756821616,0.3456960022941249,-0.0014644992591553649,0.6476577920690751,0.3349955488584496,-1.5064269644036803e-05,0.6397091625497117
0.218,0.013530048901631961,0.0003266529409577315,23.35291807596475,0.345792818598062,-0.001491574577783976,0.6477304042970279,0.33499599394365404,-1.5493603926785682e-05,0.6397109289013965
0.22,0.013651785637388492,0.00033269113708857007,23.35819948963801,0.34588956654860087,-0.001518893136556565,0.6478029652599321,0.3349964430706754,-1.593095656888705e-05,0.6397127108344272
0.222,0.013773463858226717,0.00033878286615358205,23.36347497206748,0.34598624553462887,-0.0015464547629142691,0.647875474499453,0.3349968962378549,-1.637639909465735e-05,0.6397145083257735
0.224,0.013895083162153089,0.0003449280772786358,23.368744497562854,0.346082854945469,-0.001574259282762877,0.6479479315575831,0.33499735344350634,-1.6830002942277996e-05,0.6397163213523139
0.226,0.014016643147383365,0.000351126719520904,23.37400804051722,0.3461793941708836,-0.0016023065204739256,0.6480203359766441,0.33499781468591444,-1.729183946321775e-05,0.639718149890836
0.228,0.014138143412344357,0.0003573787418723875,23.379265575407317,0.3462758626010786,-0.0016305962988858308,0.6480926872992904,0.33499827996333786,-1.7761979922081008e-05,0.639719993918035
0.23,0.014259583555678914,0.00036368409325879893,23.38451707679282,0.3463722596267069,-0.0016591284393049632,0.6481649850685116,0.3349987492740055,-1.8240495495609646e-05,0.6397218534105162
0.232,0.014380963176248169,0.00037004272253976555,23.38976251931686,0.34646858463887253,-0.001687902761506821,0.6482372288276358,0.33499922261611964,-1.872745727330027e-05,0.6397237283447923
0.234,0.014502281873133535,0.0003764545785112092,23.39500187770519,0.3465648370291343,-0.0017169190837371534,0.6483094181203322,0.3349996999878546,-1.922293625553668e-05,0.6397256186972874
0.23600000000000002,0.014623539245643037,0.00038291960990018104,23.40023512676654,0.34666101618950984,-0.0017461772227130926,0.6483815524906138,0.33500018138735566,-1.9727003354561938e-05,0.6397275244443333
0.23800000000000002,0.014744734893311753,0.0003894377653705422,23.405462241392474,0.34675712151247934,-0.0017756769936243325,0.648453631482841,0.3350006668127416,-2.0239729393003536e-05,0.6397294455621715
0.24,0.014865868415905831,0.000396008993518878,23.41068319655706,0.34685315239098924,-0.0018054182101342811,0.6485256546417234,0.33500115626210286,-2.0761185103893215e-05,0.6397313820269531
0.242,0.014986939413426586,0.00040263324287746923,23.415897967316603,0.3469491082184564,-0.001835400684381261,0.6485976215123237,0.33500164973350116,-2.1291441130639575e-05,0.6397333338147395
0.244,0.015107947486111687,0.0004093104619144267,23.421106528809865,0.3470449883887717,-0.0018656242269796605,0.6486695316400601,0.33500214722497174,-2.1830568025702994e-05,0.6397353009015021
0.246,0.015228892234439968,0.00041604059902959205,23.42630885625787,0.3471407922963038,-0.00189608864702117,0.6487413845707093,0.3350026487345219,-2.2378636250836635e-05,0.6397372832631218
0.248,0.01534977325913527,0.00042282360256035314,23.431504924963367,0.34723651933590316,-0.0019267937520759462,0.6488131798504088,0.3350031542601296,-2.29357161762811e-05,0.6397392808753899
0.25,0.015470590161167449,0.0004296594207781444,23.43669471031118,0.34733216890290575,-0.0019577393481938557,0.6488849170256608,0.3350036637997463,-2.3501878081033375e-05,0.6397412937140083
0.252,0.015591342541756998,0.00043654800188930494,23.441878187767756,0.347427740393137,-0.001988925239905702,0.6489565956433342,0.3350041773512954,-2.4077192150935954e-05,0.6397433217545896
0.254,0.015712030002378176,0.0004434892940350975,23.44705533288123,0.34752323320291534,-0.0020203512302244403,0.6490282152506679,0.3350046949126724,-2.4661728480456554e-05,0.6397453649726562
0.256,0.015832652144761716,0.000450483245293573,23.452226121281033,0.3476186467290564,-0.0020520171206464335,0.6490997753952737,0.3350052164817448,-2.5255557070076996e-05,0.639747423343643
0.258,0.01595320857089857,0.0004575298036751936,23.457390528678054,0.34771398036887635,-0.002083922711152715,0.6491712756251387,0.33500574205635253,-2.5858747827253205e-05,0.6397494968428941
0.26,0.016073698883042494,0.0004646289171293991,23.46254853086411,0.3478092335201962,-0.0021160678002102237,0.6492427154886286,0.33500627163430763,-2.6471370565506775e-05,0.6397515854456662
0.262,0.016194122683713806,0.00047178053353933786,23.467700103712204,0.34790440558134533,-0.0021484521847731225,0.6493140945344904,0.3350068052133944,-2.7093495004101947e-05,0.6397536891271268
0.264,0.01631447957570263,0.00047898460072262877,23.47284522317616,0.34799949595116514,-0.0021810756602840195,0.6493854123118553,0.3350073427913689,-2.7725190767390308e-05,0.6397558078623544
0.266,0.016434769162070546,0.0004862410664348537,23.47798386529047,0.34809450402901326,-0.002213938020675328,0.6494566683702414,0.33500788436596074,-2.836652738478778e-05,0.63975794162634
0.268,0.01655499104615664,0.0004935498783665198,23.483116006170082,0.34818942921476703,-0.002247039058370509,0.6495278622595567,0.33500842993486973,-2.9017574290164923e-05,0.6397600903939862
0.27,0.016675144831577317,0.00050091098414412,23.488241622010513,0.34828427090882735,-0.0022803785642854235,0.6495989935301019,0.3350089794957699,-2.967840082126526e-05,0.6397622541401076
0.272,0.016795230122232965,0.0005083243313297246,23.493360689087453,0.34837902851212255,-0.0023139563278296305,0.6496700617325734,0.335009533046306,-3.0349076219636112e-05,0.6397644328394305
0.274,0.016915246522307435,0.0005157898674226169,23.49847318375669,0.3484737014261121,-0.002347772136907726,0.6497410664180655,0.3350100905840964,-3.1029669629792605e-05,0.6397666264665944
0.276,0.017035193636275283,0.0005233075398567758,23.503579082454028,0.34856828905279047,-0.0023818257779206833,0.6498120071380743,0.3350106521067303,-3.1720250099332765e-05,0.6397688349961501
0.278,0.017155071068900584,0.0005308772960039862,23.508678361694937,0.3486627907946907,-0.00241611703576719,0.6498828834444994,0.3350112176117705,-3.242088657786895e-05,0.6397710584025624
0.28,0.017274878425244236,0.0005384990831719882,23.51377099807463,0.3487572060548885,-0.0024506456938450383,0.6499536948896478,0.335011787096751,-3.313164791719528e-05,0.6397732966602079
0.28200000000000003,0.017394615310664652,0.0005461728486037639,23.518856968267887,0.3488515342370058,-0.002485411534052448,0.6500244410262358,0.3350123605591786,-3.3852602870606254e-05,0.6397755497433757
0.28400000000000003,0.0175142813308204,0.0005538985394808655,23.523936249028623,0.34894577474521454,-0.002520414336789484,0.6500951214073923,0.3350129379965328,-3.458382009226555e-05,0.6397778176262698
0.28600000000000003,0.01763387609167576,0.0005616761029193408,23.529008817190103,0.34903992698424036,-0.0025556538809594076,0.6501657355866617,0.33501351940626456,-3.53253681375233e-05,0.6397801002830062
0.28800000000000003,0.017753399199502008,0.0005695054859757588,23.53407464966448,0.34913399035936665,-0.002591129943970122,0.6502362831180064,0.33501410478579785,-3.607731546160835e-05,0.6397823976876148
0.29,0.017872850260881826,0.0005773866356390302,23.539133723442873,0.3492279642764379,-0.002626842301735516,0.6503067635558099,0.3350146941325281,-3.6839730419517815e-05,0.6397847098140386
0.292,0.017992228882710834,0.000585319498836936,23.544186015595155,0.34932184814186384,-0.0026627907286769434,0.6503771764548792,0.33501528744382436,-3.7612681266322115e-05,0.6397870366361347
0.294,0.018111534672202428,0.0005933040224353651,23.54923150326961,0.349415641362623,-0.002698974997724597,0.6504475213704486,0.33501588471702687,-3.8396236155280725e-05,0.6397893781276747
0.296,0.018230767236889923,0.0006013401532374737,23.554270163692937,0.34950934334626627,-0.0027353948803189587,0.6505177978581811,0.3350164859494487,-3.9190463139242075e-05,0.6397917342623436
0.298,0.0183499261846302,0.0006094278379815831,23.559301974170104,0.3496029535009212,-0.0027720501464122693,0.6505880054741723,0.33501709113837513,-3.999543016835257e-05,0.6397941050137415
0.3,0.018469011123606636,0.0006175670233442646,23.56432691208427,0.34969647123529496,-0.002808940564469939,0.6506581437749527,0.3350177002810641,-4.0811205091539955e-05,0.6397964903553816
0.302,0.01858802166233182,0.0006257576559404067,23.569344954896252,0.3497898959586789,-0.0028460659014720446,0.6507282123174906,0.3350183133747457,-4.1637855654141245e-05,0.6397988902606936
0.304,0.01870695740965235,0.00063399968232205,23.574356080144774,0.3498832270809516,-0.0028834259229147743,0.6507982106591951,0.335018930416622,-4.247544949917514e-05,0.6398013047030205
0.306,0.018825817974749085,0.0006422930489787954,23.579360265446226,0.349976464012583,-0.002921020392811925,0.6508681383579187,0.335019551403869,-4.332405416609139e-05,0.6398037336556212
0.308,0.01894460296714426,0.0006506377023369163,23.584357488494234,0.3500696061646379,-0.0029588490736963957,0.6509379949719598,0.3350201763336328,-4.418373709044104e-05,0.6398061770916685
0.31,0.01906331199670024,0.0006590335887624886,23.589347727059785,0.3501626529487799,-0.0029969117266216774,0.6510077800600663,0.33502080520303373,-4.5054565603709457e-05,0.6398086349842526
0.312,0.01918194467362598,0.0006674806545581249,23.594330958990955,0.35025560377727494,-0.0030352081111633678,0.6510774931814376,0.33502143800916395,-4.593660693248049e-05,0.6398111073063774
0.314,0.019300500608479185,0.0006759788459647393,23.59930716221278,0.3503484580629951,-0.0030737379854206964,0.6511471338957278,0.3350220747490877,-4.6829928198692856e-05,0.639813594030963
0.316,0.019418979412167983,0.0006845281091620103,23.604276314726956,0.3504412152194222,-0.0031125011060180244,0.651216701763048,0.3350227154198425,-4.773459641844873e-05,0.6398160951308463
0.318,0.019537380695957285,0.0006931283902669704,23.60923839461188,0.3505338746606516,-0.0031514972281064257,0.6512861963439701,0.33502336001843713,-4.865067850232305e-05,0.6398186105787785
0.32,0.019655704071467966,0.0007017796353355608,23.6141933800224,0.35062643580139596,-0.0031907261053651867,0.6513556171995284,0.3350240085418543,-4.95782412545149e-05,0.6398211403474285
0.322,0.019773949150683496,0.0007104817903622073,23.61914124918953,0.3507188980569888,-0.0032301874900034083,0.6514249638912231,0.33502466098704803,-5.051735137257597e-05,0.6398236844093809
0.324,0.019892115545950488,0.0007192348012780753,23.624081980420584,0.35081126084338826,-0.003269881132761533,0.6514942359810226,0.3350253173509458,-5.1468075447092864e-05,0.6398262427371367
0.326,0.02001020286998398,0.0007280386139563419,23.62901555209845,0.3509035235771808,-0.0033098067829129413,0.651563433031367,0.3350259776304463,-5.2430479961064454e-05,0.6398288153031145
0.328,0.020128210735868617,0.0007368931742058012,23.633941942682192,0.35099568567558476,-0.003349964188265525,0.65163255460517,0.33502664182242203,-5.340463128980585e-05,0.6398314020796488
0.33,0.020246138757063936,0.0007457984277755344,23.63886113070619,0.35108774655645436,-0.0033903530951632996,0.6517016002658222,0.3350273099237167,-5.4390595700127375e-05,0.6398340030389915
0.332,0.020363986547404112,0.0007547543203525495,23.64377309478043,0.351179705638283,-0.003430973248487963,0.6517705695771937,0.3350279819311484,-5.5388439350695675e-05,0.6398366181533122
0.334,0.02048175372110505,0.0007637607975647677,23.64867781358986,0.35127156234020707,-0.0034718243916605496,0.6518394621036367,0.3350286578415056,-5.639822829067954e-05,0.6398392473946979
0.336,0.02059943989276479,0.000772817804976742,23.65357526589496,0.3513633160820098,-0.003512906266643051,0.6519082774099888,0.33502933765155124,-5.7420028459789845e-05,0.6398418907351524
0.338,0.020717044677367756,0.0007819252880935414,23.658465430530786,0.3514549662841247,-0.003554218613940001,0.6519770150615749,0.3350300213580196,-5.845390568811187e-05,0.6398445481465981
0.34,0.020834567690287062,0.0007910831923594065,23.66334828640722,0.35154651236763923,-0.003595761172600173,0.6520456746242108,0.3350307089576182,-5.9499925695721764e-05,0.6398472196008755
0.342,0.020952008547289153,0.0008002914631581359,23.66822381250872,0.35163795375429857,-0.0036375336802181857,0.6521142556642053,0.3350314004470264,-6.055815409147733e-05,0.6398499050697427
0.34400000000000003,0.021069366864534457,0.0008095500458117509,23.673091987894253,0.35172928986650925,-0.0036795358729361724,0.6521827577483633,0.33503209582289745,-6.162865637346411e-05,0.6398526045248766
0.34600000000000003,0.021186642258584,0.0008188588855831425,23.677952791696825,0.3518205201273428,-0.0037217674854454624,0.6522511804439884,0.33503279508185524,-6.27114979288199e-05,0.6398553179378719
0.34800000000000003,0.02130383434639761,0.0008282179276744764,23.682806203123633,0.35191164396053914,-0.0037642282509882316,0.6523195233188858,0.33503349822049877,-6.380674403209885e-05,0.6398580452802435
0.35000000000000003,0.021420942745342113,0.0008376271172279659,23.68765220145566,0.3520026607905108,-0.0038069179013592233,0.6523877859413645,0.3350342052353978,-6.491445984604572e-05,0.6398607865234239
0.352,0.02153796707319181,0.0008470863993250233,23.692490766047655,0.35209357004234587,-0.003849836166907379,0.6524559678802409,0.335034916123095,-6.603471042088038e-05,0.6398635416387649
0.354,0.021654906948131426,0.0008565957189868927,23.69732187632788,0.3521843711418122,-0.003892982776537629,0.6525240687048406,0.335035630880106,-6.716756069386734e-05,0.639866310597538
0.356,0.02177176198875921,0.0008661550211758148,23.70214551179795,0.3522750635153607,-0.003936357457712536,0.6525920879850019,0.33503634950291994,-6.831307548841628e-05,0.6398690933709339
0.358,0.02188853181409148,0.0008757642507930688,23.706961652032682,0.352365646590129,-0.003979959936454031,0.6526600252910781,0.3350370719879973,-6.94713195148677e-05,0.6398718899300632
0.36,0.022005216043564913,0.0008854233526811934,23.711770276679857,0.3524561197939452,-0.00402378993734516,0.6527278801939403,0.3350377983317717,-7.06423573687146e-05,0.6398747002459555
0.362,0.02212181429703809,0.0008951322716217002,23.716571365460144,0.35254648255533133,-0.004067847183531821,0.6527956522649799,0.3350385285306499,-7.182625353158886e-05,0.6398775242895618
0.364,0.022238326194797323,0.0009048909523379749,23.721364898166755,0.3526367343035071,-0.0041121313967244985,0.6528633410761118,0.33503926258101085,-7.30230723697395e-05,0.6398803620317521
0.366,0.02235475135755786,0.0009146993394923538,23.726150854665516,0.35272687446839346,-0.004156642297200044,0.6529309461997765,0.3350400004792066,-7.423287813394139e-05,0.6398832134433172
0.368,0.022471089406466867,0.0009245573776894046,23.730929214894406,0.3528169024806161,-0.004201379603803408,0.6529984672089435,0.3350407422215621,-7.54557349599304e-05,0.639886078494969
0.37,0.022587339963108292,0.0009344650114741267,23.735699958863542,0.3529068177715092,-0.004246343033949447,0.6530659036771133,0.33504148780437415,-7.669170686685578e-05,0.6398889571573396
0.372,0.02270350264950373,0.0009444221853307391,23.74046306665515,0.3529966197731188,-0.004291532303624709,0.6531332551783205,0.33504223722391363,-7.794085775726105e-05,0.6398918494009821
0.374,0.022819577088117403,0.0009544288436848139,23.74521851842308,0.3530863079182068,-0.004336947127389197,0.6532005212871365,0.3350429904764231,-7.920325141741994e-05,0.6398947551963703
0.376,0.022935562901857103,0.0009644849309045804,23.74996629439275,0.353175881640254,-0.004382587218378212,0.653267701578672,0.33504374755811905,-8.04789515156178e-05,0.6398976745139007
0.378,0.023051459714079826,0.0009745903912979229,23.754706374860977,0.3532653403734642,-0.004428452288304116,0.6533347956285795,0.3350445084651896,-8.176802160323243e-05,0.6399006073238898
0.38,0.023167267148592526,0.000984745169114181,23.75943874019583,0.3533546835527674,-0.004474542047458216,0.653401803013057,0.33504527319379634,-8.307052511327214e-05,0.6399035535965774
0.382,0.023282984829656805,0.0009949492085442812,23.76416337083639,0.35344391061382346,-0.004520856204712542,0.653468723308849,0.3350460417400735,-8.438652536030498e-05,0.6399065133021237
0.384,0.023398612381990088,0.0010052024537184757,23.76888024729282,0.3535330209930258,-0.004567394467521704,0.6535355560932508,0.3350468141001294,-8.571608554020226e-05,0.639909486410612
0.386,0.023514149430771635,0.0010155048487119698,23.773589350145574,0.3536220141275048,-0.0046141565419247355,0.6536023009441101,0.335047590270043,-8.705926872975033e-05,0.6399124728920474
0.388,0.023629595601642826,0.0010258563375384058,23.7782906600459,0.35371088945513157,-0.0046611421325469665,0.6536689574398301,0.3350483702458676,-8.841613788625735e-05,0.6399154727163578
0.39,0.023744950520711055,0.001036256864155281,23.782984157715223,0.35379964641452116,-0.004708350942601872,0.6537355251593723,0.3350491540236294,-8.978675584719577e-05,0.6399184858533938
0.392,0.023860213814553378,0.0010467063724604467,23.787669823945194,0.35388828444503634,-0.0047557826738929415,0.6538020036822587,0.3350499415993272,-9.117118532933455e-05,0.6399215122729287
0.394,0.023975385110219603,0.0010572048062935813,23.792347639597384,0.35397680298679124,-0.004803437026815585,0.6538683925885749,0.33505073296893256,-9.256948892911004e-05,0.6399245519446584
0.396,0.024090464035233104,0.0010677521094363492,23.79701758560316,0.3540652014806545,-0.00485131370035901,0.6539346914589723,0.3350515281283908,-9.398172912205403e-05,0.6399276048382034
0.398,0.024205450217597506,0.001078348225613465,23.801679642963368,0.3541534793682533,-0.004899412392108123,0.6540008998746714,0.33505232707361915,-9.540796826201884e-05,0.6399306709231066
0.4,0.024320343285796475,0.0010889930984901526,23.80633379274848,0.35424163609197645,-0.004947732798245459,0.6540670174174638,0.335053129800509,-9.684826858133596e-05,0.6399337501688349
0.402,0.024435142868799078,0.0010996866716757193,23.810980016097925,0.35432967109497826,-0.004996274613553051,0.6541330436697151,0.33505393630492347,-9.830269218986772e-05,0.6399368425447792
0.404,0.024549848596061064,0.0011104288887199738,23.815618294220403,0.3544175838211817,-0.005045037531414429,0.6541989782143677,0.3350547465826998,-9.977130107518805e-05,0.639939948020254
0.406,0.024664460097528727,0.0011212196931157138,23.820248608393356,0.35450537371528235,-0.005094021243816492,0.6542648206349432,0.33505556062964786,-0.00010125415710200156,0.6399430665644988
0.40800000000000003,0.024778977003642188,0.0011320590282987298,23.82487093996291,0.35459304022275134,-0.005143225441351491,0.6543305705155449,0.3350563784415503,-0.00010275132201156892,0.639946198146677
0.41000000000000003,0.024893398945338412,0.0011429468376459812,23.82948527034372,0.35468058278983955,-0.005192649813218972,0.654396227440861,0.3350572000141627,-0.00010426285742159477,0.6399493427358764
0.41200000000000003,0.02500772555405263,0.0011538830644784294,23.834091581018754,0.3547680008635804,-0.005242294047227744,0.6544617909961667,0.33505802534321477,-0.00010578882482581984,0.6399525003011106
0.41400000000000003,0.025121956461723254,0.0011648676520600032,23.83868985353895,0.3548552938917939,-0.00529215782979784,0.6545272607673268,0.33505885442440836,-0.00010732928559350325,0.6399556708113178
0.41600000000000004,0.02523609130079446,0.0011759005435959446,23.843280069523455,0.3549424613230898,-0.00534224084596252,0.6545926363407988,0.3350596872534189,-0.00010888430096944827,0.6399588542353609
0.418,0.025350129704218734,0.0011869816822360543,23.847862210658928,0.35502950260687133,-0.005392542779370207,0.6546579173036349,0.3350605238258946,-0.00011045393207296001,0.639962050542029
0.42,0.02546407130545944,0.0011981110110725053,23.85243625869965,0.3551164171933383,-0.00544306331228659,0.6547231032434851,0.33506136413745724,-0.0001120382398980646,0.6399652597000374
0.422,0.025577915738495546,0.0012092884731396624,23.857002195467462,0.355203204533491,-0.0054938021255964906,0.6547881937485996,0.3350622081837017,-0.00011363728531307373,0.6399684816780252
0.424,0.025691662637823087,0.0012205140114163087,23.861560002851157,0.3552898640791335,-0.005544758898806006,0.6548531884078315,0.33506305596019553,-0.00011525112905976827,0.6399717164445596
0.426,0.02580531163845845,0.0012317875688245283,23.866109662806643,0.35537639528287684,-0.00559593331004446,0.654918086810639,0.3350639074624799,-0.00011687983175370907,0.6399749639681334
0.428,0.02591886237594137,0.001243109088229184,23.87065115735671,0.3554627975981431,-0.005647325036066443,0.6549828885470887,0.33506476268606966,-0.00011852345388310153,0.6399782242171655
0.43,0.026032314486339223,0.001254478512438262,23.875184468590653,0.3555490704791681,-0.005698933752253915,0.6550475932078575,0.3350656216264512,-0.00012018205580955336,0.6399814971600017
0.432,0.02614566760624609,0.001265895784205198,23.879709578664304,0.3556352133810056,-0.00575075913261814,0.6551122003842357,0.33506648427908703,-0.00012185569776634326,0.6399847827649159
0.434,0.026258921372791663,0.0012773608462249989,23.884226469799792,0.35572122575953014,-0.0058028008498018716,0.655176709668129,0.33506735063941023,-0.00012354443985887977,0.6399880810001067
0.436,0.026372075423639254,0.001288873641137504,23.888735124285276,0.3558071070714408,-0.005855058575081333,0.6552411206520621,0.33506822070282866,-0.0001252483420643842,0.6399913918337019
0.438,0.026485129396990853,0.0013004341115258708,23.893235524474854,0.3558928567742646,-0.005907531978368331,0.6553054329291799,0.33506909446472305,-0.00012696746423133381,0.639994715233756
0.44,0.02659808293159032,0.0013120421999184345,23.897727652788163,0.3559784743263597,-0.005960220728212326,0.6553696460932512,0.3350699719204468,-0.00012870186607904165,0.6399980511682516
0.442,0.026710935666724767,0.0013236978487865384,23.902211491710574,0.35606395918691913,-0.006013124491802545,0.6554337597386708,0.33507085306532824,-0.00013045160719717623,0.6400013996050988
0.444,0.02682368724222946,0.001335401000544271,23.90668702379277,0.3561493108159742,-0.006066242934970066,0.655497773460462,0.3350717378946678,-0.00013221674704602977,0.6400047605121363
0.446,0.02693633729848969,0.001347151597553684,23.911154231650443,0.35623452867439737,-0.006119575722189921,0.6555616868542795,0.33507262640373975,-0.0001339973449554698,0.6400081338571304
0.448,0.0270488854764435,0.001358949582116759,23.915613097964307,0.35631961222390657,-0.0061731225165832515,0.6556254995164114,0.3350735185877915,-0.000135793460124833,0.6400115196077772
0.45,0.027161331417585716,0.0013707948964842807,23.9200636054799,0.35640456092706774,-0.006226882979919399,0.6556892110437822,0.33507441444204444,-0.00013760515162257122,0.6400149177316998
0.452,0.02727367476396966,0.001382687482847182,23.924505737007326,0.3564893742472987,-0.006280856772618054,0.6557528210339555,0.3350753139616929,-0.00013943247838610963,0.6400183281964519
0.454,0.027385915158210875,0.0013946272833442336,23.928939475421014,0.3565740516488725,-0.006335043553751411,0.6558163290851358,0.3350762171419048,-0.00014127549922098598,0.6400217509695155
0.456,0.027498052243490587,0.001406614240057986,23.93336480365961,0.35665859259692057,-0.006389442981046316,0.6558797347961719,0.3350771239778209,-0.00014313427280134944,0.6400251860183019
0.458,0.027610085663555956,0.0014186482950152874,23.93778170472587,0.35674299655743635,-0.00644405471088641,0.6559430377665587,0.33507803446455736,-0.00014500885766844876,0.6400286333101528
0.46,0.027722015062726982,0.001430729390188309,23.942190161686305,0.3568272629972786,-0.0064988783983143325,0.6560062375964404,0.3350789485972018,-0.00014689931223123347,0.640032092812339
0.462,0.027833840085896764,0.0014428574674926929,23.94659015767116,0.35691139138417466,-0.0065539136970338766,0.6560693338866124,0.33507986637081616,-0.0001488056947656806,0.6400355644920609
0.464,0.027945560378534365,0.0014550324687928066,23.950981675874043,0.3569953811867239,-0.006609160259412182,0.6561323262385244,0.33508078778043676,-0.00015072806341454812,0.64003904831645
0.466,0.028057175586689357,0.0014672543358935969,23.955364699551808,0.3570792318744011,-0.0066646177364819426,0.6561952142542823,0.3350817128210718,-0.00015266647618660982,0.6400425442525683
0.468,0.028168685356993364,0.0014795230105485331,23.959739212024548,0.35716294291755973,-0.006720285777943577,0.6562579975366513,0.3350826414877048,-0.00015462099095669656,0.6400460522674074
0.47000000000000003,0.028280089336663514,0.0014918384344547128,23.96410519667509,0.3572465137874354,-0.006776164032167492,0.6563206756890579,0.3350835737752917,-0.00015659166546567226,0.6400495723278907
0.47200000000000003,0.02839138717350518,0.0015042005492559617,23.968462636948992,0.357329943956149,-0.006832252146196267,0.6563832483155931,0.3350845096787626,-0.00015857855731914874,0.6400531044008727
0.47400000000000003,0.028502578515915398,0.0015166092965408044,23.972811516354394,0.35741323289671023,-0.006888549765746883,0.6564457150210141,0.33508544919302097,-0.00016058172398811355,0.6400566484531384
0.47600000000000003,0.028613663012884535,0.0015290646178416853,23.977151818461838,0.3574963800830209,-0.006945056535212976,0.6565080754107471,0.3350863923129447,-0.00016260122280803083,0.6400602044514047
0.47800000000000004,0.02872464031400052,0.0015415664546407275,23.981483526903716,0.35757938498987824,-0.007001772097667093,0.6565703290908901,0.3350873390333845,-0.00016463711097842223,0.6400637723623208
0.48,0.028835510069451342,0.0015541147483626892,23.98580662537473,0.3576622470929781,-0.0070586960948629054,0.656632475668215,0.33508828934916546,-0.00016668944556318618,0.6400673521524667
0.482,0.028946271930027634,0.001566709440379059,23.990121097631036,0.35774496586891846,-0.007115828167237506,0.6566945147501703,0.3350892432550856,-0.00016875828348936065,0.6400709437883556
0.484,0.02905692554712512,0.0015793504720072115,23.99442692749059,0.35782754079520246,-0.007173167953913685,0.6567564459448832,0.3350902007459179,-0.00017084368154738478,0.6400745472364328
0.486,0.0291674705727494,0.0015920377845110101,23.998724098832607,0.3579099713502421,-0.007230715092702178,0.656818268861163,0.33509116181640775,-0.0001729456963908778,0.6400781624630757
0.488,0.029277906659515997,0.0016047713190997087,24.00301259559761,0.3579922570133611,-0.0072884692201039825,0.6568799831085023,0.33509212646127606,-0.0001750643845356284,0.6400817894345948
0.49,0.029388233460656468,0.0016175510169291532,24.007292401787062,0.35807439726479856,-0.007346429971312643,0.6569415882970804,0.3350930946752157,-0.00017719980235982342,0.6400854281172335
0.492,0.02949845063001762,0.0016303768191021242,24.01156350146319,0.358156391585712,-0.007404596980216553,0.6570030840377654,0.335094066452895,-0.00017935200610371167,0.6400890784771691
0.494,0.02960855782206812,0.0016432486666658984,24.01582587874906,0.3582382394581807,-0.007462969879401267,0.657064469942117,0.3350950417889553,-0.0001815210518687495,0.6400927404805112
0.496,0.02971855469189901,0.0016561665006170206,24.02007951782795,0.35831994036520903,-0.00752154830015183,0.6571257456223882,0.3350960206780115,-0.00018370699561795514,0.6400964140933039
0.498,0.029828440895226294,0.0016691302618967528,24.024324402943524,0.3584014937907296,-0.007580331872455111,0.6571869106915287,0.3350970031146535,-0.00018590989317512354,0.640100099281525
0.5,0.02993821608839532,0.0016821398913929708,24.02856051839949,0.3584828992196068,-0.007639320225002105,0.6572479647631865,0.33509798909344457,-0.00018812980022455634,0.6401037960110868
0.502,0.03004787992838342,0.0016951953299408826,24.032787848559572,0.35856415613763953,-0.007698512985190316,0.6573089074517111,0.33509897860892185,-0.0001903667723111233,0.6401075042478345
0.504,0.03015743207280123,0.001708296518323187,24.037006377846883,0.35864526403156505,-0.007757909779126118,0.6573697383721552,0.3350999716555966,-0.000192620864838922,0.6401112239575497
0.506,0.03026687217989671,0.0017214433972672055,24.041216090744438,0.35872622238906177,-0.007817510231627058,0.6574304571402777,0.33510096822795465,-0.00019489213307226233,0.6401149551059478
0.508,0.030376199908559123,0.0017346359074505242,24.045416971794193,0.3588070306987527,-0.007877313966224299,0.6574910633725459,0.33510196832045436,-0.00019718063213449487,0.6401186976586791
0.51,0.030485414918319135,0.0017478739894953744,24.049609005597528,0.35888768845020863,-0.007937320605164937,0.6575515566861379,0.33510297192752975,-0.00019948641700778073,0.6401224515813292
0.512,0.030594516869353064,0.0017611575839719667,24.053792176814625,0.3589681951339514,-0.007997529769414438,0.6576119366989449,0.3351039790435886,-0.0002018095425330368,0.6401262168394198
0.514,0.03070350542248719,0.0017744866313977859,24.0579664701645,0.359048550241457,-0.008057941078659002,0.6576722030295742,0.33510498966301194,-0.0002041500634094076,0.6401299933984069
0.516,0.03081238023919745,0.001787861072238399,24.062131870424572,0.3591287532651589,-0.00811855415130796,0.6577323552973506,0.3351060037801557,-0.00020650803419383886,0.6401337812236843
0.518,0.030921140981614678,0.0018012808469050896,24.06628836243096,0.3592088036984513,-0.008179368604496202,0.6577923931223199,0.3351070213893502,-0.0002088835093012112,0.6401375802805799
0.52,0.03102978731252703,0.0018147458957578726,24.070435931077736,0.3592887010356921,-0.008240384054086586,0.6578523161252505,0.3351080424848991,-0.00021127654300327184,0.6401413905343591
0.522,0.031138318895381673,0.0018282561591057111,24.07457456131696,0.35936844477220625,-0.008301600114672375,0.6579121239276361,0.3351090670610808,-0.0002136871894292179,0.6401452119502238
0.524,0.031246735394288874,0.0018418115772029719,24.078704238158707,0.35944803440428896,-0.008363016399579669,0.6579718161516982,0.33511009511214795,-0.0002161155025642968,0.640149044493312
0.526,0.03135503647402358,0.0018554120902523944,24.082824946670517,0.359527469429209,-0.008424632520869814,0.6580313924203881,0.33511112663232745,-0.0002185615362508644,0.6401528881286999
0.528,0.031463221800029986,0.0018690576384059437,24.086936671977504,0.3596067493452114,-0.008486448089341916,0.65809085235739,0.33511216161582014,-0.00022102534418661274,0.6401567428213994
0.53,0.0315712910384221,0.0018827481617620318,24.091039399261998,0.3596858736515212,-0.008548462714535243,0.6581501955871223,0.3351132000568017,-0.00022350697992528019,0.6401606085363613
0.532,0.03167924385598854,0.0018964836003682334,24.09513311376338,0.35976484184834634,-0.00861067600473172,0.6582094217347412,0.33511424194942174,-0.0002260064968758569,0.6401644852384728
0.534,0.03178707992019363,0.0019102638942199454,24.099217800777915,0.3598436534368807,-0.008673087566958386,0.658268530426142,0.3351152872878044,-0.00022852394830251356,0.6401683728925605
0.536,0.031894798899181814,0.0019240889832605498,24.103293445658664,0.35992230791930746,-0.008735697006989902,0.658327521287962,0.3351163360660481,-0.00023105938732387744,0.6401722714633874
0.538,0.03200240046177891,0.001937958807381065,24.107360033815226,0.3600008047988022,-0.008798503929351012,0.658386393947583,0.3351173882782261,-0.00023361286691344837,0.640176180915656
0.54,0.03210988427749611,0.0019518733064235272,24.111417550713355,0.3600791435795359,-0.008861507937319067,0.6584451480331334,0.3351184439183853,-0.00023618443989852932,0.6401801012140071
0.542,0.032217250016531515,0.001965832420175815,24.115465981875086,0.36015732376667825,-0.008924708632926503,0.6585037831734901,0.33511950298054777,-0.00023877415896018795,0.6401840323230207
0.544,0.03232449734977423,0.0019798360883765817,24.119505312878402,0.3602353448664008,-0.008988105616963372,0.658562298998282,0.33512056545870983,-0.0002413820766331962,0.6401879742072151
0.546,0.03243162594880612,0.001993884250709897,24.12353552935719,0.3603132063858797,-0.009051698488979881,0.6586206951378912,0.33512163134684236,-0.00024400824530540106,0.6401919268310481
0.548,0.03253863548590505,0.002007976846812792,24.12755661700067,0.36039090783329947,-0.00911548684728888,0.6586789712234561,0.3351227006388906,-0.0002466527172176787,0.6401958901589174
0.55,0.03264552563404728,0.002022113816267766,24.13156856155371,0.36046844871785544,-0.009179470288968435,0.658737126886873,0.33512377332877474,-0.0002493155444628897,0.6401998641551602
0.552,0.03275229606691061,0.0020362950986087367,24.13557134881619,0.36054582854975725,-0.009243648409864344,0.6587951617607993,0.33512484941038895,-0.00025199677898727344,0.6402038487840536
0.554,0.0328589464588766,0.002050520633317138,24.139564964643284,0.36062304684023183,-0.009308020804592726,0.6588530754786552,0.33512592887760306,-0.00025469647258768806,0.6402078440098148
0.556,0.032965476485034124,0.0020647903598237324,24.143549394944813,0.36070010310152645,-0.00937258706654254,0.6589108676746263,0.33512701172426024,-0.000257414676913599,0.6402118497966018
0.558,0.03307188582118151,0.002079104217508906,24.1475246256854,0.36077699684691195,-0.009437346787878192,0.6589685379836654,0.3351280979441791,-0.0002601514434654399,0.6402158661085127
0.56,0.033178174143828745,0.002093462145702547,24.15149064288408,0.3608537275906856,-0.009502299559542085,0.6590260860414956,0.3351291875311531,-0.0002629068235945333,0.6402198929095868
0.562,0.033284341130201234,0.0021078640836831265,24.155447432614228,0.3609302948481744,-0.009567444971257211,0.6590835114846122,0.33513028047895005,-0.0002656808685032985,0.640223930163805
0.5640000000000001,0.033390386458242,0.0021223099706786765,24.159394981003434,0.3610066981357378,-0.009632782611529743,0.6591408139502848,0.33513137678131283,-0.0002684736292444404,0.6402279778350883
0.5660000000000001,0.03349630980661483,0.0021367997458678484,24.16333327423304,0.3610829369707712,-0.009698312067651628,0.6591979930765598,0.3351324764319584,-0.0002712851567204479,0.6402320358873004
0.5680000000000001,0.033602110854705304,0.002151333348377684,24.167262298538326,0.3611590108717087,-0.009764032925703218,0.6592550485022629,0.3351335794245802,-0.0002741155016842104,0.6402361042842465
0.5700000000000001,0.03370778928262632,0.0021659107172861216,24.171182040207967,0.3612349193580261,-0.009829944770555848,0.659311979867001,0.33513468575284433,-0.00027696471473767875,0.640240182989674
0.5720000000000001,0.0338133447712185,0.002180531791619841,24.17509248558431,0.36131066195024425,-0.009896047185874488,0.6593687868111646,0.3351357954103936,-0.00027983284633243023,0.6402442719672716
0.5740000000000001,0.033918777002053736,0.0021951965103554297,24.17899362106264,0.36138623816993176,-0.00996233975412035,0.6594254689759302,0.3351369083908446,-0.0002827199467684632,0.640248371180672
0.5760000000000001,0.03402408565743754,0.00220990481242152,24.18288543309134,0.36146164753970805,-0.010028822056553546,0.6594820260032624,0.33513802468778914,-0.0002856260661949867,0.64025248059345
0.578,0.03412927042041222,0.0022246566366936464,24.18676790817177,0.36153688958324665,-0.010095493673235721,0.6595384575359164,0.3351391442947946,-0.0002885512546089886,0.6402566001691229
0.58,0.034234330974759385,0.002239451921999743,24.190641032857815,0.36161196382527794,-0.010162354183032712,0.6595947632174398,0.33514026720540224,-0.0002914955618560051,0.6402607298711519
0.582,0.03433926700500226,0.002254290607117516,24.194504793755936,0.3616868697915921,-0.010229403163617201,0.6596509426921755,0.33514139341312926,-0.0002944590376288444,0.6402648696629414
0.584,0.03444407819640861,0.002269172630774183,24.198359177524903,0.3617616070090424,-0.010296640191471383,0.6597069956052632,0.3351425229114678,-0.00029744173146810425,0.6402690195078392
0.586,0.034548764234993916,0.002284097931647981,24.20220417087556,0.36183617500554804,-0.010364064841889644,0.6597629216026424,0.33514365569388427,-0.0003004436927614878,0.6402731793691373
0.588,0.034653324807522264,0.0022990664483684598,24.206039760570675,0.36191057331009685,-0.010431676688981258,0.659818720331054,0.3351447917538213,-0.00030346497074345034,0.6402773492100726
0.59,0.034757759601511506,0.0023140781195139016,24.20986593342496,0.36198480145274886,-0.010499475305673044,0.659874391438043,0.33514593108469615,-0.00030650561449537277,0.6402815289938247
0.592,0.034862068305233744,0.0023291328836156314,24.213682676304465,0.36205885896463863,-0.010567460263712091,0.6599299345719604,0.3351470736799012,-0.00030956567294425277,0.6402857186835196
0.594,0.034966250607719795,0.002344230679152317,24.217489976126906,0.3621327453779788,-0.010635631133668454,0.6599853493819655,0.33514821953280405,-0.000312645194863577,0.6402899182422266
0.596,0.03507030619875971,0.0023593714445573214,24.221287819860976,0.36220646022606257,-0.010703987484937873,0.6600406355180284,0.33514936863674755,-0.000315744228872833,0.6402941276329617
0.598,0.03517423476890738,0.002374555118212789,24.225076194526615,0.3622800030432669,-0.010772528885744485,0.6600957926309317,0.33515052098505,-0.0003188628234363144,0.6402983468186849
0.6,0.035278036009482254,0.0023897816384512763,24.22885508719461,0.3623533733650554,-0.010841254903143537,0.660150820372273,0.3351516765710047,-0.000322001026863782,0.6403025757623023
0.602,0.03538170961257153,0.0024050509435582213,24.232624484986303,0.36242657072798123,-0.010910165103024165,0.6602057183944673,0.33515283538788043,-0.0003251588873098601,0.6403068144266664
0.604,0.03548525527103394,0.0024203629717686388,24.236384375073833,0.36249959466969006,-0.010979259050112086,0.660260486350749,0.33515399742892166,-0.0003283364527735872,0.6403110627745745
0.606,0.03558867267850131,0.0024357176612704945,24.240134744679317,0.36257244472892297,-0.011048536307972385,0.6603151238951737,0.3351551626873473,-0.0003315337710986956,0.6403153207687716
0.608,0.03569196152938127,0.0024511149502020892,24.24387558107533,0.3626451204455194,-0.011117996439012238,0.660369630682621,0.33515633115635296,-0.0003347508899723961,0.6403195883719486
0.61,0.035795121518861286,0.0024665547766516485,24.247606871584402,0.3627176213604201,-0.011187639004483722,0.6604240063687965,0.3351575028291086,-0.000337987856926154,0.6403238655467423
0.612,0.035898152342908676,0.0024820370786617957,24.251328603578703,0.36278994701566974,-0.011257463564486533,0.6604782506102337,0.3351586776987602,-0.0003412447193345266,0.6403281522557382
0.614,0.03600105369827563,0.0024975617942249654,24.255040764480295,0.3628620969544203,-0.011327469677970804,0.6605323630642966,0.3351598557584293,-0.00034452152441535877,0.6403324484614678
0.616,0.03610382528250001,0.0025131288612850085,24.258743341760525,0.3629340707209335,-0.011397656902739875,0.6605863433891815,0.3351610370012129,-0.0003478183192296762,0.6403367541264108
0.618,0.036206466793909584,0.0025287382177385615,24.262436322940058,0.3630058678605839,-0.011468024795453086,0.6606401912439194,0.3351622214201833,-0.00035113515068055476,0.6403410692129942
0.62,0.03630897793162285,0.0025443898014336722,24.266119695588696,0.36307748791986183,-0.011538572911628586,0.6606939062883778,0.3351634090083888,-0.0003544720655139836,0.6403453936835933
0.622,0.03641135839555299,0.0025600835501709664,24.269793447325135,0.363148930446376,-0.011609300805646122,0.6607474881832635,0.33516459975885293,-0.00035782911031784475,0.6403497275005319
0.624,0.036513607886409595,0.0025758194017015106,24.273457565816997,0.36322019498885655,-0.01168020803074989,0.6608009365901238,0.33516579366457566,-0.0003612063315217661,0.6403540706260811
0.626,0.03661572610570138,0.0025915972937298657,24.277112038780285,0.36329128109715797,-0.011751294139051308,0.6608542511713499,0.335166990718532,-0.0003646037753969419,0.6403584230224624
0.628,0.03671771275573956,0.0026074171639113275,24.280756853979565,0.36336218832226175,-0.01182255868153188,0.6609074315901777,0.3351681909136728,-0.00036802148805561606,0.6403627846518449
0.63,0.03681956753963905,0.0026232789498546478,24.28439199922767,0.36343291621627927,-0.011894001208046033,0.6609604775106909,0.3351693942429249,-0.00037145951545165763,0.6403671554763473
0.632,0.03692129016132213,0.0026391825891209303,24.28801746238537,0.3635034643324548,-0.011965621267323933,0.6610133885978225,0.3351706006991906,-0.00037491790337914753,0.6403715354580379
0.634,0.0370228803255199,0.0026551280192231735,24.29163323136142,0.363573832225168,-0.012037418406974365,0.6610661645173574,0.3351718102753485,-0.00037839669747257397,0.6403759245589349
0.636,0.03712433773777584,0.0026711151776270506,24.295239294112363,0.3636440194499371,-0.012109392173487572,0.6611188049359342,0.33517302296425294,-0.0003818959432070225,0.6403803227410058
0.638,0.03722566210444738,0.002687144001750634,24.298835638642192,0.3637140255634213,-0.012181542112238125,0.6611713095210474,0.3351742387587342,-0.0003854156858972217,0.6403847299661692
0.64,0.03732685313271035,0.0027032144289647684,24.302422253002455,0.3637838501234241,-0.012253867767487804,0.6612236779410495,0.33517545765159795,-0.0003889559706974847,0.6403891461962928
0.642,0.037427910530558293,0.002719326396592252,24.305999125291855,0.3638534926888956,-0.012326368682388456,0.6612759098651532,0.33517667963562714,-0.00039251684260181285,0.6403935713931959
0.644,0.03752883400680768,0.0027354798419110516,24.309566243655908,0.3639229528199355,-0.012399044398984902,0.661328004963433,0.33517790470357917,-0.00039609834644321716,0.640398005518649
0.646,0.03762962327109954,0.0027516747021492705,24.313123596287355,0.3639922300777958,-0.012471894458217819,0.6613799629068282,0.33517913284818834,-0.0003997005268935229,0.6404024485343731
0.648,0.03773027803390132,0.0027679109144885215,24.316671171425636,0.36406132402488367,-0.012544918399926636,0.6614317833671441,0.33518036406216556,-0.0004033234284632555,0.6404069004020405
0.65,0.037830798006510576,0.0027841884160658423,24.320208957356403,0.3641302342247643,-0.012618115762852454,0.6614834660170547,0.3351815983381966,-0.0004069670955013654,0.640411361083276
0.652,0.0379311829010566,0.002800507143968048,24.323736942412108,0.36419896024216336,-0.012691486084640942,0.661535010530104,0.33518283566894436,-0.00041063157219462616,0.6404158305396552
0.654,0.03803143243050301,0.0028168670352371633,24.327255114971106,0.36426750164297,-0.012765028901845273,0.6615864165807089,0.3351840760470476,-0.00041431690256784156,0.6404203087327066
0.656,0.03813154630865023,0.002833268026868204,24.330763463457988,0.3643358579942394,-0.012838743749929042,0.661637683844161,0.3351853194651214,-0.00041802313048353804,0.6404247956239109
0.658,0.03823152425013785,0.002849710055809468,24.334261976343072,0.36440402886419576,-0.012912630163269205,0.6616888119966282,0.33518656591575735,-0.00042175029964147166,0.6404292911747017
0.66,0.03833136597044839,0.0028661930589621715,24.337750642142545,0.3644720138222348,-0.012986687675159026,0.6617398007151576,0.3351878153915226,-0.00042549845357831234,0.6404337953464648
0.662,0.03843107118590733,0.0028827169731821247,24.341229449418023,0.3645398124389266,-0.013060915817810995,0.6617906496776764,0.33518906788496144,-0.0004292676356676433,0.6404383081005398
0.664,0.038530639613687995,0.0028992817352783305,24.344698386776468,0.3646074242860182,-0.01313531412235984,0.6618413585629951,0.33519032338859356,-0.0004330578891196701,0.6404428293982195
0.666,0.03863007097181182,0.002915887282012192,24.348157442870253,0.3646748489364365,-0.01320988211886542,0.6618919270508088,0.3351915818949164,-0.0004368692569810622,0.6404473592007501
0.668,0.03872936497915179,0.002932533550101336,24.351606606396636,0.36474208596429064,-0.013284619336315747,0.6619423548216994,0.33519284339640354,-0.0004407017821343531,0.6404518974693323
0.67,0.038828521355437025,0.002949220476214327,24.35504586609788,0.36480913494487516,-0.013359525302629939,0.6619926415571378,0.3351941078855035,-0.0004445555072978687,0.6404564441651195
0.672,0.03892753982125032,0.002965947996976454,24.358475210760844,0.36487599545467214,-0.013434599544661193,0.6620427869394855,0.3351953753546434,-0.0004484304750256391,0.6404609992492213
0.674,0.039026420098034836,0.0029827160489655016,24.361894629217062,0.3649426670713543,-0.013509841588199803,0.6620927906519971,0.3351966457962259,-0.0004523267277069184,0.6404655626827008
0.676,0.03912516190809479,0.002999524568713579,24.36530411034241,0.36500914937378753,-0.013585250957976129,0.6621426523788221,0.33519791920263026,-0.0004562443075664064,0.6404701344265764
0.678,0.03922376497459767,0.003016373492706938,24.368703643057053,0.3650754419420334,-0.013660827177663603,0.6621923718050065,0.3351991955662129,-0.0004601832566628142,0.6404747144418217
0.68,0.0393222290215782,0.003033262757385853,24.372093216325176,0.365141544357352,-0.013736569769881742,0.6622419486164954,0.33520047487930577,-0.0004641436168904241,0.640479302689365
0.682,0.03942055377393811,0.0030501922991454404,24.375472819154968,0.36520745620220463,-0.01381247825619918,0.6622913825001349,0.33520175713421907,-0.00046812542997729304,0.640483899130091
0.684,0.0395187389574515,0.0030671620543353,24.378842440598287,0.36527317706025625,-0.013888552157136653,0.6623406731436736,0.3352030423232384,-0.00047212873748565505,0.6404885037248396
0.686,0.03961678429876343,0.0030841719592586544,24.382202069750697,0.3653387065163781,-0.013964790992170056,0.662389820235765,0.33520433043862785,-0.0004761535808115929,0.640493116434408
0.6880000000000001,0.039714689525397896,0.003101221950173009,24.385551695751104,0.3654040441566507,-0.01404119427973348,0.6624388234659694,0.33520562147262584,-0.0004802000011850146,0.6404977372195481
0.6900000000000001,0.03981245436575344,0.0031183119632924848,24.38889130778178,0.36546918956836577,-0.014117761537222228,0.6624876825247558,0.33520691541745046,-0.00048426803966918855,0.64050236604097
0.6920000000000001,0.039910078549111765,0.003135441934783993,24.392220895068014,0.3655341423400297,-0.014194492280995893,0.6625363971035036,0.33520821226529424,-0.0004883577371602894,0.6405070028593397
0.6940000000000001,0.040007561805635625,0.0031526118007707475,24.395540446878165,0.3655989020613653,-0.01427138602638139,0.6625849668945054,0.3352095120083283,-0.0004924691343876665,0.6405116476352807
0.6960000000000001,0.04010490386637326,0.0031698214973292504,24.398849952523385,0.36566346832331514,-0.014348442287676039,0.6626333915909678,0.3352108146387004,-0.0004966022719132226,0.6405163003293739
0.6980000000000001,0.04020210446326065,0.003187070960491714,24.4021494013574,0.36572784071804354,-0.014425660578150614,0.662681670887014,0.3352121201485347,-0.0005007571901313386,0.6405209609021578
0.7000000000000001,0.04029916332912304,0.003204360126245554,24.405438782776546,0.3657920188389394,-0.014503040410052414,0.662729804477686,0.33521342852993313,-0.0005049339292687978,0.6405256293141289
0.7020000000000001,0.040396080197678166,0.003221688930533057,24.408718086219466,0.365856002280619,-0.014580581294608375,0.6627777920589457,0.33521473977497457,-0.0005091325293840172,0.6405303055257415
0.704,0.04049285480353794,0.003239057309251993,24.41198730116695,0.365919790638928,-0.014658282742028118,0.6628256333276774,0.33521605387571496,-0.0005133530303672814,0.6405349894974086
0.706,0.04058948688221138,0.003256465198253876,24.415246417141862,0.3659833835109445,-0.014736144261507086,0.6628733279816897,0.3352173708241869,-0.000517595471940811,0.6405396811895019
0.708,0.04068597617010593,0.0032739125333474165,24.418495423709007,0.36604678049498135,-0.014814165361229596,0.6629208757197175,0.3352186906124016,-0.0005218598936573393,0.6405443805623516
0.71,0.04078232240453072,0.0032913992502965547,24.42173431047474,0.3661099811905888,-0.014892345548371978,0.6629682762414231,0.33522001323234624,-0.0005261463349014971,0.640549087576248
0.712,0.040878525323698484,0.0033089252848199674,24.424963067087134,0.36617298519855684,-0.014970684329105678,0.663015529247399,0.3352213386759859,-0.0005304548348882048,0.6405538021914398
0.714,0.04097458466672801,0.0033264905725916374,24.428181683235735,0.36623579212091795,-0.015049181208600389,0.6630626344391699,0.33522266693526326,-0.0005347854326632424,0.6405585243681355
0.716,0.04107050017364705,0.003344095049242157,24.431390148651218,0.3662984015609495,-0.015127835691027155,0.6631095915191936,0.3352239980020971,-0.0005391381671025204,0.6405632540665038
0.718,0.04116627158539161,0.00336173865035701,24.434588453105412,0.36636081312317614,-0.015206647279561506,0.6631564001908635,0.3352253318683857,-0.0005435130769124664,0.6405679912466745
0.72,0.04126189864381326,0.0033794213114779503,24.437776586411246,0.3664230264133726,-0.015285615476386627,0.6632030601585108,0.3352266685260031,-0.0005479102006292391,0.6405727358687356
0.722,0.04135738109167633,0.0033971429681021355,24.440954538422385,0.36648504103856594,-0.015364739782696462,0.6632495711274059,0.3352280079668021,-0.000552329576618918,0.6405774878927383
0.724,0.041452718672664625,0.003414903555682411,24.444122299033097,0.36654685660703806,-0.01544401969869889,0.66329593280376,0.3352293501826116,-0.0005567712430767284,0.6405822472786925
0.726,0.04154791113137955,0.003432703009629591,24.447279858178202,0.3666084727283282,-0.015523454723618883,0.6633421448947275,0.3352306951652394,-0.0005612352380276832,0.6405870139865713
0.728,0.041642958213346064,0.0034505412653077316,24.450427205833087,0.3666698890132355,-0.015603044355701635,0.6633882071084081,0.33523204290647046,-0.0005657215993253567,0.6405917879763072
0.73,0.041737859665011645,0.003468418258039296,24.453564332013155,0.3667311050738213,-0.015682788092215787,0.6634341191538474,0.33523339339806785,-0.0005702303646525467,0.6405965692077963
0.732,0.04183261523375107,0.003486333923101212,24.45669122677384,0.36679212052341165,-0.01576268542945655,0.6634798807410401,0.33523474663177133,-0.000574761571520571,0.6406013576408962
0.734,0.04192722466786754,0.0035042881957288224,24.45980788021084,0.3668529349765999,-0.01584273586274892,0.6635254915809313,0.3352361025992999,-0.0005793152572690504,0.6406061532354256
0.736,0.04202168771659488,0.003522281011111906,24.462914282459316,0.36691354804924886,-0.01592293888645086,0.6635709513854181,0.33523746129234927,-0.0005838914590660528,0.640610955951167
0.738,0.04211600413010038,0.0035403123043971168,24.46601042369423,0.3669739593584934,-0.01600329399395648,0.6636162598673515,0.3352388227025929,-0.0005884902139073622,0.6406157657478649
0.74,0.042210173659485345,0.003558382010688369,24.469096294130026,0.36703416852274295,-0.016083800677699243,0.6636614167405386,0.3352401868216834,-0.0005931115586169811,0.6406205825852276
0.742,0.042304196056789575,0.003576490065045856,24.472171884020533,0.3670941751616836,-0.01616445842915519,0.6637064217197441,0.3352415536412506,-0.0005977555298458842,0.6406254064229255
0.744,0.04239807107499249,0.003594636402486696,24.4752371836587,0.3671539788962808,-0.01624526673884611,0.663751274520692,0.3352429231529015,-0.0006024221640730916,0.6406302372205935
0.746,0.04249179846801465,0.003612820957983636,24.478292183376677,0.36721357934878174,-0.01632622509634282,0.6637959748600677,0.3352442953482226,-0.000607111497604178,0.6406350749378299
0.748,0.042585377990720985,0.003631043666467869,24.48133687354547,0.36727297614271753,-0.01640733299026832,0.6638405224555196,0.33524567021877777,-0.0006118235665720773,0.6406399195341971
0.75,0.042678809398922726,0.0036493044628259745,24.484371244574945,0.36733216890290576,-0.016488589908301075,0.6638849170256608,0.335247047756109,-0.0006165584069362888,0.6406447709692215
0.752,0.04277209244937912,0.0036676032819022157,24.48739528691358,0.36739115725545274,-0.016569995337178227,0.6639291582900709,0.33524842795173654,-0.0006213160544828365,0.6406496292023943
0.754,0.04286522689980021,0.0036859400584979673,24.490408991048337,0.367449940827756,-0.016651548762698844,0.6639732459692984,0.3352498107971589,-0.0006260965448243571,0.6406544941931717
0.756,0.042958212508848514,0.0037043147273721606,24.493412347504638,0.3675085192485066,-0.01673324966972717,0.6640171797848614,0.33525119628385286,-0.0006308999133993001,0.6406593659009745
0.758,0.043051049036141424,0.003722727223239916,24.49640534684601,0.36756689214769134,-0.01681509754219587,0.6640609594592499,0.33525258440327343,-0.0006357261954720252,0.6406642442851893
0.76,0.04314373624225281,0.0037411774807736874,24.499387979674264,0.3676250591565952,-0.016897091863109295,0.6641045847159278,0.3352539751468544,-0.0006405754261330791,0.6406691293051682
0.762,0.043236273888716946,0.0037596654346046428,24.50236023662892,0.3676830199078039,-0.016979232114546754,0.6641480552793343,0.3352553685060068,-0.0006454476402979704,0.6406740209202288
0.764,0.043328661738027824,0.0037781910193196953,24.505322108387627,0.36774077403520566,-0.01706151777766578,0.6641913708748857,0.3352567644721217,-0.0006503428727081623,0.640678919089655
0.766,0.04342089955364343,0.0037967541694649077,24.50827358566547,0.3677983211739942,-0.017143948332705397,0.664234531228977,0.3352581630365679,-0.0006552611579297047,0.6406838237726973
0.768,0.04351298709998785,0.003815354819541453,24.511214659215216,0.36785566096067035,-0.01722652325898942,0.6642775360689842,0.33525956419069197,-0.0006602025303537304,0.6406887349285725
0.77,0.043604924142451595,0.0038339929040111997,24.51414531982699,0.36791279303304497,-0.01730924203492974,0.6643203851232652,0.3352609679258204,-0.0006651670241964515,0.6406936525164645
0.772,0.04369671044739532,0.0038526683572906294,24.517065558328365,0.3679697170302408,-0.017392104138029607,0.664363078121162,0.335262374233258,-0.0006701546734984273,0.6406985764955239
0.774,0.04378834578215181,0.0038713811137566796,24.5199753655838,0.36802643259269485,-0.017475109044886944,0.6644056147930025,0.33526378310428756,-0.0006751655121242965,0.6407035068248693
0.776,0.04387982991502716,0.0038901311077434134,24.52287473249493,0.36808293936216097,-0.017558256231197646,0.6644479948701022,0.3352651945301713,-0.0006801995737635455,0.6407084434635871
0.778,0.0439711626153039,0.0039089182735413935,24.525763650000282,0.3681392369817116,-0.017641545171758897,0.6644902180847652,0.3352666085021498,-0.0006852568919289373,0.6407133863707309
0.78,0.044062343653242235,0.003927742545400613,24.528642109075157,0.3681953250957404,-0.017724975340472477,0.6645322841702866,0.335268025011443,-0.000690337499957509,0.6407183355053226
0.782,0.04415337280008265,0.003946603857528022,24.531510100731534,0.3682512033499643,-0.017808546210348105,0.6645741928609546,0.33526944404924935,-0.0006954414310097664,0.6407232908263529
0.784,0.044244249828047505,0.003965502144090358,24.53436761601764,0.3683068713914259,-0.017892257253506738,0.6646159438920508,0.33527086560674607,-0.0007005687180696188,0.6407282522927815
0.786,0.04433497451034385,0.003984437339211661,24.537214646018306,0.3683623288684957,-0.017976107941183938,0.6646575369998532,0.3352722896750896,-0.0007057193939441756,0.6407332198635365
0.788,0.044425546621164554,0.004003409376973816,24.54005118185453,0.368417575430874,-0.018060097743733183,0.664698971921637,0.33527371624541535,-0.0007108934912637528,0.6407381934975154
0.79,0.04451596593569118,0.004022418191416642,24.54287721468348,0.36847261072959353,-0.01814422613062924,0.6647402483956766,0.3352751453088377,-0.0007160910424815211,0.6407431731535849
0.792,0.04460623223009478,0.004041463716540264,24.545692735698328,0.36852743441702146,-0.018228492570471485,0.6647813661612475,0.33527657685645107,-0.0007213120798730843,0.6407481587905819
0.794,0.04469634528154048,0.004060545886302193,24.548497736127857,0.3685820461468616,-0.018312896530987294,0.6648223249586276,0.3352780108793267,-0.0007265566355368207,0.6407531503673134
0.796,0.04478630486818523,0.0040796646346186495,24.55129220723684,0.3686364455741564,-0.018397437479035373,0.6648631245290988,0.3352794473685179,-0.0007318247413935638,0.6407581478425569
0.798,0.044876110769184956,0.004098819895363304,24.554076140325705,0.3686906323552898,-0.01848211488060915,0.6649037646149488,0.3352808863150554,-0.0007371164291858213,0.6407631511750591
0.8,0.04496576276469223,0.0041180116023708715,24.556849526730137,0.3687446061479885,-0.01856692820084014,0.6649442449594728,0.3352823277099499,-0.0007424317304785325,0.6407681603235391
0.802,0.045055260635861086,0.00413723968943314,24.559612357821347,0.3687983666113246,-0.018651876904001302,0.6649845653069749,0.33528377154419114,-0.0007477706766582478,0.6407731752466859
0.804,0.04514460416484707,0.004156504090300414,24.562364625005802,0.36885191340571793,-0.01873696045351048,0.6650247254027699,0.3352852178087488,-0.0007531332989331262,0.6407781959031605
0.806,0.045233793134810435,0.004175804738683948,24.565106319724897,0.3689052461929378,-0.018822178311933713,0.6650647249931848,0.33528666649457156,-0.0007585196283327833,0.6407832222515959
0.808,0.045322827329917936,0.004195141568252205,24.56783743345524,0.3689583646361053,-0.018907529940988706,0.6651045638255604,0.33528811759258764,-0.0007639296957083374,0.6407882542505959
0.81,0.04541170653534503,0.004214514512632996,24.570557957708232,0.36901126839969556,-0.01899301480154817,0.665144241648253,0.3352895710937049,-0.0007693635317315665,0.6407932918587366
0.812,0.04550043053727594,0.004233923505413999,24.57326788403007,0.36906395714953955,-0.01907863235364328,0.665183758210636,0.3352910269888115,-0.0007748211668955723,0.6407983350345673
0.8140000000000001,0.04558899912290862,0.004253368480141266,24.575967204001444,0.3691164305528265,-0.019164382056467026,0.6652231132631014,0.335292485268774,-0.0007803026315141222,0.6408033837366097
0.8160000000000001,0.04567741208045484,0.0042728493703208005,24.57865590923772,0.369168688278106,-0.0192502633683777,0.6652623065570609,0.3352939459244394,-0.0007858079557214061,0.6408084379233576
0.8180000000000001,0.04576566919914174,0.004292366109417461,24.58133399138866,0.3692207299952897,-0.019336275746902245,0.6653013378449487,0.3352954089466348,-0.0007913371694724307,0.6408134975532791
0.8200000000000001,0.04585377026921596,0.004311918630855962,24.584001442138213,0.36927255537565395,-0.019422418648739743,0.6653402068802219,0.33529687432616606,-0.0007968903025419405,0.6408185625848145
0.8220000000000001,0.045941715081942176,0.004331506868019747,24.58665825320456,0.36932416409184143,-0.019508691529764803,0.6653789134173624,0.33529834205382014,-0.0008024673845252919,0.6408236329763796
0.8240000000000001,0.04602950342960835,0.004351130754252479,24.589304416339996,0.3693755558178634,-0.01959509384503101,0.665417457211879,0.3352998121203635,-0.0008080684448373292,0.6408287086863622
0.8260000000000001,0.04611713510552607,0.0043707902228573,24.591939923330592,0.3694267302291019,-0.019681625048774402,0.6654558380203078,0.33530128451654184,-0.0008136935127132424,0.6408337896731258
0.8280000000000001,0.046204609904032246,0.004390485207096823,24.594564765996424,0.3694776870023114,-0.019768284594416846,0.6654940556002149,0.3353027592330818,-0.0008193426172072724,0.6408388758950073
0.8300000000000001,0.04629192762049182,0.004410215640194032,24.597178936191142,0.3695284258156213,-0.019855071934569573,0.6655321097101974,0.3353042362606896,-0.000825015787193179,0.6408439673103192
0.8320000000000001,0.046379088051298346,0.004429981455330089,24.59978242580215,0.36957894634853766,-0.019941986521036556,0.6655700001098847,0.33530571559005246,-0.0008307130513643683,0.6408490638773486
0.834,0.046466090993877635,0.00444978258564866,24.602375226750116,0.3696292482819453,-0.020029027804818036,0.6656077265599404,0.33530719721183627,-0.000836434438233174,0.6408541655543585
0.836,0.0465529362466881,0.00446961896425108,24.604957330989354,0.36967933129811004,-0.02011619523611396,0.665645288822064,0.335308681116689,-0.0008421799761308713,0.6408592722995865
0.838,0.04663962360922413,0.004489490524199605,24.607528730507262,0.36972919508068014,-0.020203488264327468,0.6656826866589916,0.33531016729523705,-0.0008479496932076291,0.6408643840712462
0.84,0.04672615288201578,0.00450939719851676,24.610089417324357,0.3697788393146889,-0.020290906338068338,0.6657199198344981,0.33531165573808847,-0.0008537436174320967,0.6408695008275287
0.842,0.04681252386663283,0.004529338920185701,24.612639383494315,0.36982826368655636,-0.020378448905156502,0.6657569881133987,0.33531314643583116,-0.0008595617765918962,0.6408746225265998
0.844,0.04689873636568557,0.0045493156221484005,24.61517862110384,0.36987746788409137,-0.020466115412625538,0.66579389126155,0.33531463937903394,-0.0008654041982923748,0.6408797491266022
0.846,0.04698479018282623,0.004569327237308549,24.617707122272215,0.36992645159649346,-0.02055390530672613,0.6658306290458514,0.3353161345582455,-0.0008712709099579022,0.6408848805856564
0.848,0.04707068512275192,0.004589373698529344,24.620224879151696,0.36997521451435483,-0.020641818032929603,0.6658672012342475,0.3353176319639958,-0.0008771619388299774,0.6408900168618592
0.85,0.047156420991205934,0.004609454938633706,24.622731883927067,0.3700237563296624,-0.020729853035931386,0.6659036075957282,0.33531913158679455,-0.000883077311968867,0.6408951579132848
0.852,0.047241997594978775,0.0046295708904078095,24.625228128815547,0.3700720767357997,-0.02081800975965457,0.6659398479003312,0.3353206334171331,-0.0008890170562519614,0.6409003036979859
0.854,0.047327414741911565,0.004649721486595801,24.627713606066855,0.3701201754275488,-0.020906287647253358,0.665975921919143,0.3353221374454826,-0.0008949811983744801,0.6409054541739923
0.856,0.047412672240896306,0.004669906659903226,24.630188307963103,0.37016805210109227,-0.020994686141116648,0.6660118294243006,0.3353236436622959,-0.0009009697648494831,0.6409106092993121
0.858,0.047497769901878394,0.0046901263429957795,24.632652226818493,0.3702157064540149,-0.021083204682871497,0.6660475701889926,0.3353251520580061,-0.0009069827820068099,0.6409157690319326
0.86,0.04758270753585822,0.004710380468501163,24.635105354979395,0.370263138185306,-0.0211718427133867,0.6660831439874609,0.3353266626230277,-0.0009130202759938318,0.6409209333298193
0.862,0.047667484954893986,0.0047306689690088406,24.63754768482396,0.3703103469953609,-0.021260599672776263,0.6661185505950021,0.33532817534775483,-0.0009190822727748066,0.6409261021509166
0.864,0.04775210197210098,0.004750991777065407,24.639979208762664,0.37035733258598313,-0.021349475000403014,0.6661537897879688,0.33532969022256454,-0.0009251687981310358,0.6409312754531487
0.866,0.047836558401656,0.0047713488251822506,24.642399919237487,0.37040409466038615,-0.021438468134882063,0.6661888613437711,0.3353312072378138,-0.000931279877660464,0.6409364531944186
0.868,0.04792085405879789,0.00479174004582965,24.644809808722126,0.3704506329231953,-0.02152757851408442,0.6662237650408779,0.3353327263838403,-0.0009374155367777309,0.64094163533261
0.87,0.04800498875982874,0.0048121653714400785,24.647208869721993,0.37049694708044967,-0.021616805575140483,0.6662585006588186,0.3353342476509641,-0.0009435758007139908,0.6409468218255863
0.872,0.04808896232211675,0.00483262473440634,24.64959709477409,0.37054303683960377,-0.02170614875444366,0.6662930679781842,0.33533577102948614,-0.0009497606945166146,0.6409520126311904
0.874,0.048172774564097014,0.004853118067083182,24.651974476446604,0.37058890190952964,-0.02179560748765385,0.6663274667806287,0.335337296509688,-0.0009559702430495359,0.6409572077072477
0.876,0.04825642530527481,0.004873645301786547,24.654341007339113,0.37063454200051865,-0.021885181209701093,0.6663616968488704,0.3353388240818325,-0.000962204470992251,0.6409624070115628
0.878,0.04833991436622415,0.004894206370793687,24.65669668008261,0.3706799568242832,-0.021974869354789064,0.6663957579666938,0.33534035373616583,-0.0009684634028407119,0.6409676105019224
0.88,0.048423241568593685,0.004914801206343049,24.659041487339,0.3707251460939584,-0.02206467135639871,0.6664296499189503,0.3353418854629129,-0.0009747470629064348,0.6409728181360939
0.882,0.048506406735104736,0.004935429740634694,24.661375421801257,0.37077010952410444,-0.022154586647291766,0.6664633724915597,0.3353434192522816,-0.0009810554753166309,0.6409780298718274
0.884,0.04858940968955484,0.004956091905830853,24.663698476193513,0.3708148468307078,-0.0222446146595144,0.6664969254715123,0.33534495509446216,-0.0009873886640141974,0.6409832456668536
0.886,0.04867225025681938,0.0049767876340548215,24.666010643270493,0.3708593577311834,-0.022334754824400744,0.6665303086468689,0.3353464929796248,-0.0009937466527573534,0.6409884654788864
0.888,0.048754928262852396,0.004997516857391274,24.668311915817796,0.37090364194437603,-0.02242500657257654,0.6665635218067635,0.33534803289792214,-0.0010001294651198096,0.6409936892656226
0.89,0.04883744353468885,0.005018279507888279,24.670602286651704,0.3709476991905627,-0.02251536933396268,0.6665965647414035,0.335349574839489,-0.0010065371244903087,0.6409989169847408
0.892,0.04891979590044705,0.005039075517553888,24.672881748619023,0.37099152919145384,-0.022605842537778868,0.6666294372420718,0.335351118794441,-0.0010129696540725948,0.6410041485939024
0.894,0.049001985189328134,0.0050599048183589896,24.67515029459713,0.3710351316701953,-0.022696425612547165,0.6666621391011279,0.3353526647528764,-0.0010194270768855791,0.6410093840507537
0.896,0.04908401123161971,0.005080767342235646,24.677407917493948,0.37107850635137024,-0.022787117986095645,0.6666946701120091,0.33535421270487586,-0.0010259094157628386,0.6410146233129224
0.898,0.049165873858696564,0.0051016630210797085,24.67965461024737,0.37112165296100047,-0.022877919085561985,0.6667270300692317,0.3353557626405007,-0.0010324166933526316,0.6410198663380221
0.9,0.04924757290302307,0.005122591786746916,24.68189036582591,0.37116457122654867,-0.022968828337397093,0.666759218768393,0.33535731454979534,-0.0010389489321178283,0.6410251130836487
0.902,0.04932910819815369,0.00514355357105693,24.684115177227845,0.37120726087691963,-0.023059845167368722,0.6667912360061712,0.3353588684227851,-0.0010455061543357702,0.6410303635073842
0.904,0.049410479578734554,0.00516454830579229,24.686329037481812,0.3712497216424624,-0.02315096900056511,0.6668230815803282,0.3353604242494794,-0.0010520883820983597,0.641035617566794
0.906,0.049491686880506876,0.0051855759226941515,24.688531939646456,0.37129195325497166,-0.0232421992613986,0.6668547552897102,0.3353619820198683,-0.0010586956373113648,0.6410408752194284
0.908,0.0495727299403063,0.005206636353470152,24.690723876810143,0.37133395544768966,-0.023333535373609285,0.6668862569342486,0.3353635417239248,-0.001065327941694663,0.6410461364228239
0.91,0.04965360859606571,0.005227729529788526,24.69290484209116,0.3713757279553077,-0.02342497676026863,0.6669175863149622,0.3353651033516042,-0.001071985316782695,0.6410514011345017
0.912,0.04973432268681713,0.0052488553832800156,24.69507482863749,0.3714172705139679,-0.023516522843783156,0.6669487432339574,0.33536666689284367,-0.00107866778392293,0.6410566693119684
0.914,0.04981487205269188,0.005270013845538125,24.697233829626846,0.3714585828612648,-0.023608173045898035,0.66697972749443,0.3353682323375635,-0.0010853753642775272,0.641061940912717
0.916,0.049895256534923535,0.00529120484811898,24.69938183826644,0.3714996647362473,-0.023699926787700772,0.6670105389006669,0.33536979967566616,-0.0010921080788213985,0.641067215894227
0.918,0.04997547597584813,0.0053124283225420964,24.701518847793032,0.3715405158794199,-0.02379178348962488,0.6670411772580463,0.33537136889703717,-0.0010988659483440058,0.6410724942139643
0.92,0.05005553021890739,0.0053336842002876155,24.703644851472905,0.37158113603274456,-0.02388374257145349,0.6670716423730398,0.33537293999154427,-0.0011056489934472146,0.641077775829381
0.922,0.05013541910864855,0.005354972412801743,24.705759842601466,0.37162152493964234,-0.02397580345232309,0.6671019340532132,0.33537451294903786,-0.0011124572345472072,0.6410830606979172
0.924,0.0502151424907275,0.005376292891491464,24.70786381450352,0.3716616823449949,-0.02406796555072709,0.6671320521072276,0.33537608775935096,-0.0011192906918727657,0.6410883487769994
0.926,0.05029470021190815,0.005397645567727204,24.709956760533146,0.37170160799514634,-0.024160228284519608,0.6671619963448412,0.3353776644123007,-0.0011261493854659722,0.6410936400240423
0.928,0.05037409212006662,0.005419030372840751,24.71203867407351,0.3717413016379045,-0.024252591070919063,0.6671917665769097,0.33537924289768545,-0.0011330333351819068,0.641098934396448
0.93,0.05045331806419058,0.00544044723813095,24.71410954853667,0.3717807630225427,-0.024345053326511906,0.6672213626153884,0.33538082320528717,-0.0011399425606889045,0.6411042318516074
0.932,0.05053237789438075,0.005461896094856084,24.716169377363922,0.3718199918998014,-0.024437614467256268,0.6672507842733325,0.335382405324872,-0.0011468770814676925,0.6411095323468992
0.934,0.05061127146185524,0.005483376874239027,24.718218154025184,0.3718589880218898,-0.024530273908485695,0.6672800313648988,0.33538398924618656,-0.0011538369168120437,0.6411148358396909
0.936,0.05068999861894711,0.005504889507466919,24.72025587201939,0.3718977511424872,-0.024623031064912773,0.6673091037053468,0.33538557495896276,-0.0011608220858281579,0.6411201422873392
0.9380000000000001,0.05076855921910774,0.0055264339256879255,24.72228252487434,0.3719362810167445,-0.02471588535063291,0.6673380011110398,0.3353871624529158,-0.0011678326074348795,0.6411254516471894
0.9400000000000001,0.050846953116908705,0.005548010060016817,24.72429810614619,0.3719745774012862,-0.024808836179127956,0.667366723399446,0.33538875171774274,-0.0011748685003636075,0.6411307638765773
0.9420000000000001,0.050925180168042865,0.005569617841526839,24.726302609420202,0.3720126400542115,-0.024901882963269974,0.66739527038914,0.3353903427431251,-0.0011819297831576884,0.641136078932827
0.9440000000000001,0.051003240229324995,0.005591257201261578,24.728296028309607,0.37205046873509595,-0.024995025115324893,0.6674236418998034,0.335391935518727,-0.0011890164741731966,0.6411413967732542
0.9460000000000001,0.05108113315869415,0.005612928070221858,24.73027835645668,0.3720880632049931,-0.025088262046956272,0.6674518377522263,0.33539353003419675,-0.001196128591578115,0.6411467173551635
0.9480000000000001,0.05115885881521432,0.005634630379377425,24.732249587531715,0.3721254232264358,-0.025181593169228963,0.6674798577683083,0.33539512627916596,-0.0012032661533526,0.6411520406358512
0.9500000000000001,0.051236417059076916,0.005656364059656985,24.734209715233703,0.37216254856343794,-0.025275017892612887,0.6675077017710599,0.3353967242432497,-0.0012104291772887831,0.6411573665726034
0.9520000000000001,0.05131380775160068,0.005678129041956642,24.736158733289702,0.3721994389814956,-0.025368535626986696,0.6675353695846031,0.335398323916047,-0.0012176176809906593,0.6411626951226982
0.9540000000000001,0.05139103075523522,0.00569992525713418,24.73809663545506,0.3722360942475889,-0.02546214578164158,0.6675628610341731,0.33539992528713997,-0.0012248316818738098,0.6411680262434041
0.9560000000000001,0.05146808593355981,0.005721752636012433,24.740023415513363,0.37227251413018325,-0.0255558477652849,0.6675901759461189,0.3354015283460952,-0.001232071197166025,0.641173359891982
0.9580000000000001,0.051544973151286526,0.0057436111093786485,24.74193906727622,0.3723086983992309,-0.025649640986044022,0.6676173141479046,0.335403133082463,-0.0012393362439062818,0.6411786960256843
0.96,0.05162169227426133,0.005765500607982625,24.743843584583296,0.37234464682617235,-0.02574352485146997,0.6676442754681107,0.335404739485777,-0.001246626838945405,0.641184034601756
0.962,0.051698243169464454,0.005787421062539787,24.745736961302317,0.37238035918393775,-0.025837498768541235,0.6676710597364347,0.3354063475455559,-0.0012539429989454932,0.6411893755774342
0.964,0.05177462570501339,0.0058093724037286635,24.747619191328923,0.37241583524694843,-0.02593156214366749,0.6676976667836928,0.33540795725130174,-0.001261284740380286,0.6411947189099483
0.966,0.051850839750162955,0.005831354562192716,24.749490268586506,0.3724510747911184,-0.026025714382693313,0.6677240964418202,0.3354095685925004,-0.0012686520795345527,0.6412000645565216
0.968,0.05192688517530692,0.00585336746853928,24.75135018702642,0.37248607759385544,-0.02611995489090202,0.6677503485438729,0.33541118155862265,-0.0012760450325043926,0.6412054124743699
0.97,0.05200276185197999,0.005875411053340832,24.753198940627687,0.37252084343406283,-0.026214283073019314,0.6677764229240285,0.33541279613912267,-0.0012834636151971023,0.6412107626207026
0.972,0.0520784696528566,0.005897485247132691,24.755036523397195,0.3725553720921407,-0.026308698333217154,0.6678023194175869,0.3354144123234411,-0.001290907843331053,0.6412161149527238
0.974,0.052154008451757376,0.0059195899804159995,24.7568629293692,0.37258966334998717,-0.026403200075117417,0.6678280378609718,0.3354160301009993,-0.0012983777324355327,0.6412214694276299
0.976,0.052229378123644504,0.0059417251836568746,24.758678152605714,0.37262371699100016,-0.02649778770179577,0.6678535780917315,0.3354176494612063,-0.001305873297850929,0.6412268260026132
0.978,0.0523045785446265,0.005963890787284697,24.76048218719633,0.37265753280007824,-0.026592460615785327,0.6678789399485401,0.3354192703934543,-0.0013133945547283334,0.64123218463486
0.98,0.0523796095919595,0.0059860867216943335,24.762275027258042,0.3726911105636224,-0.026687218219080534,0.6679041232711982,0.33542089288711996,-0.001320941518029432,0.6412375452815511
0.982,0.05245447114404657,0.006008312917244974,24.764056666935364,0.37272445006953736,-0.026782059913140845,0.6679291279006344,0.33542251693156533,-0.0013285142025273524,0.6412429078998627
0.984,0.05252916308044067,0.006030569304261581,24.76582710040006,0.3727575511072325,-0.0268769850988946,0.6679539536789059,0.3354241425161365,-0.0013361126228049725,0.6412482724469669
0.986,0.05260368528184553,0.006052855813032295,24.767586321851407,0.37279041346762387,-0.02697199317674271,0.6679786004491993,0.3354257696301647,-0.0013437367932561477,0.6412536388800304
0.988,0.05267803763011591,0.006075172373812061,24.769334325515775,0.37282303694313473,-0.02706708354656254,0.6680030680558324,0.3354273982629658,-0.0013513867280854496,0.6412590071562172
0.99,0.05275222000826077,0.006097518916820725,24.771071105646868,0.3728554213276976,-0.027162255607711613,0.6680273563442547,0.3354290284038406,-0.001359062441307493,0.6412643772326863
0.992,0.052826232300442054,0.006119895372240526,24.772796656525667,0.37288756641675513,-0.02725750875903149,0.6680514651610477,0.3354306600420754,-0.0013667639467475731,0.6412697490665937
0.994,0.05290007439197846,0.006142301670222716,24.774510972460174,0.37291947200726144,-0.02735284239885147,0.6680753943539275,0.3354322931669408,-0.001374491258041138,0.6412751226150919
0.996,0.0529737461693444,0.006164737740880933,24.77621404778547,0.3729511378976834,-0.0274482559249925,0.668099143771744,0.33543392776769293,-0.0013822443886338774,0.6412804978353308
0.998,0.053047247520172494,0.006187203514295271,24.777905876863787,0.37298256388800216,-0.027543748734770866,0.668122713264483,0.33543556383357315,-0.0013900233517818614,0.6412858746844574
